customer_id,churned,churn_date
CUST003106,0,
CUST003787,0,
CUST004330,0,
CUST001256,0,
CUST002252,0,
CUST003707,0,
CUST004939,0,
CUST003529,0,
CUST004288,0,
CUST000080,1,2024-06-30
CUST001840,0,
CUST002639,0,
CUST003389,1,2024-04-13
CUST004644,0,
CUST000229,1,2024-08-12
CUST002064,0,
CUST001865,1,2024-10-19
CUST000066,0,
CUST003957,0,
CUST001527,0,
CUST000034,0,
CUST004161,0,
CUST003226,1,2024-05-06
CUST000682,0,
CUST003470,1,2024-04-14
CUST003680,1,2025-01-14
CUST004801,0,
CUST000764,0,
CUST000466,0,
CUST001150,0,
CUST002648,0,
CUST001418,0,
CUST000585,0,
CUST002230,0,
CUST003471,0,
CUST002237,0,
CUST002440,0,
CUST001935,0,
CUST000394,0,
CUST000556,0,
CUST001362,0,
CUST000024,0,
CUST001393,0,
CUST003264,1,2025-01-24
CUST000849,0,
CUST001428,0,
CUST003429,0,
CUST003605,1,2025-01-20
CUST004093,0,
CUST003985,0,
CUST000747,1,2024-11-11
CUST001882,0,
CUST003821,0,
CUST001375,1,2024-06-12
CUST001630,0,
CUST003682,0,
CUST004718,0,
CUST003674,0,
CUST004373,0,
CUST004829,0,
CUST002119,0,
CUST001500,0,
CUST004111,0,
CUST004025,1,2024-06-01
CUST002068,0,
CUST003712,0,
CUST002848,0,
CUST002944,0,
CUST004648,1,2024-05-22
CUST003247,0,
CUST001221,0,
CUST003427,0,
CUST001729,0,
CUST001363,1,2024-11-10
CUST001613,0,
CUST004204,0,
CUST003795,0,
CUST003214,0,
CUST001211,0,
CUST002672,0,
CUST003327,1,2024-11-10
CUST000298,0,
CUST002155,0,
CUST000458,0,
CUST001262,0,
CUST001845,0,
CUST001955,1,2024-07-14
CUST002700,1,2024-12-31
CUST000430,0,
CUST003334,0,
CUST002917,0,
CUST001045,0,
CUST000200,0,
CUST000882,0,
CUST003976,0,
CUST003785,0,
CUST002419,0,
CUST000806,0,
CUST002115,0,
CUST000085,0,
CUST000492,0,
CUST000107,0,
CUST002437,1,2024-08-10
CUST004814,0,
CUST003164,0,
CUST001756,0,
CUST003077,0,
CUST003358,1,2024-09-07
CUST000030,0,
CUST001704,0,
CUST004621,0,
CUST004253,0,
CUST004287,0,
CUST003748,0,
CUST002719,0,
CUST003671,0,
CUST003479,0,
CUST003451,0,
CUST000169,0,
CUST001188,1,2025-01-21
CUST001306,0,
CUST001434,0,
CUST001946,0,
CUST003236,0,
CUST001030,0,
CUST000240,0,
CUST000928,0,
CUST004833,1,2024-03-16
CUST002755,0,
CUST000158,0,
CUST000486,0,
CUST002108,0,
CUST000506,0,
CUST004112,0,
CUST003803,0,
CUST000908,0,
CUST000732,0,
CUST003047,0,
CUST003796,0,
CUST002603,0,
CUST004184,0,
CUST001472,0,
CUST001502,0,
CUST002779,0,
CUST001452,0,
CUST001201,1,2024-11-19
CUST000743,0,
CUST004862,0,
CUST000678,0,
CUST003700,0,
CUST001947,0,
CUST004693,0,
CUST004905,1,2024-05-25
CUST003393,0,
CUST001648,0,
CUST004447,0,
CUST000180,0,
CUST000643,0,
CUST004055,0,
CUST001085,0,
CUST004148,0,
CUST001908,0,
CUST004501,0,
CUST004312,0,
CUST003200,0,
CUST002908,0,
CUST003107,0,
CUST002125,1,2024-10-26
CUST004423,0,
CUST004828,0,
CUST003917,0,
CUST003649,0,
CUST001091,0,
CUST001426,0,
CUST001075,0,
CUST001670,0,
CUST001871,1,2024-11-14
CUST004060,0,
CUST002472,1,2024-05-17
CUST003459,0,
CUST001520,1,2024-12-21
CUST004899,0,
CUST004794,0,
CUST004535,0,
CUST004778,1,2024-04-01
CUST000280,0,
CUST002575,0,
CUST001019,0,
CUST000706,0,
CUST004057,0,
CUST000249,0,
CUST000562,0,
CUST000531,0,
CUST001868,0,
CUST001887,0,
CUST000081,0,
CUST003075,0,
CUST002878,0,
CUST000473,0,
CUST003635,0,
CUST004183,0,
CUST001216,0,
CUST003072,1,2024-06-25
CUST000228,0,
CUST004468,0,
CUST003735,0,
CUST002365,1,2024-04-17
CUST001836,0,
CUST000089,0,
CUST003828,0,
CUST000241,1,2025-01-10
CUST000009,0,
CUST001182,0,
CUST002005,0,
CUST003929,0,
CUST004383,0,
CUST000600,0,
CUST001973,0,
CUST000145,0,
CUST004363,0,
CUST002630,0,
CUST003025,0,
CUST002963,0,
CUST003857,0,
CUST004337,0,
CUST000152,0,
CUST001607,1,2024-09-13
CUST003939,0,
CUST001033,0,
CUST003567,0,
CUST004375,0,
CUST000813,0,
CUST002182,0,
CUST004341,0,
CUST002681,0,
CUST003849,1,2025-01-15
CUST002621,1,2024-04-22
CUST003494,1,2024-08-06
CUST002477,0,
CUST004297,0,
CUST000932,0,
CUST004017,0,
CUST004742,0,
CUST000374,1,2024-07-01
CUST001324,0,
CUST000735,0,
CUST002147,0,
CUST003540,0,
CUST000587,0,
CUST001492,0,
CUST004304,0,
CUST000417,0,
CUST001594,0,
CUST000101,0,
CUST002875,0,
CUST004465,1,2024-12-15
CUST004180,0,
CUST001785,0,
CUST003027,0,
CUST004247,0,
CUST002623,0,
CUST002239,0,
CUST003108,0,
CUST004265,0,
CUST002278,0,
CUST003260,0,
CUST004426,0,
CUST004122,0,
CUST004417,0,
CUST003382,0,
CUST002095,0,
CUST003050,0,
CUST001741,0,
CUST003831,0,
CUST001724,1,2024-03-03
CUST003775,1,2024-07-01
CUST000554,0,
CUST002168,1,2024-04-01
CUST002851,0,
CUST003322,0,
CUST002861,1,2024-03-17
CUST003879,0,
CUST004471,0,
CUST003312,0,
CUST001488,0,
CUST000297,0,
CUST000231,0,
CUST001011,0,
CUST000334,0,
CUST003498,0,
CUST001345,0,
CUST004661,0,
CUST002837,0,
CUST001874,0,
CUST003514,0,
CUST000671,0,
CUST001481,0,
CUST001514,0,
CUST002060,0,
CUST003228,0,
CUST001676,0,
CUST002945,0,
CUST000995,0,
CUST004635,1,2024-12-12
CUST001222,0,
CUST002227,1,2024-09-08
CUST000692,0,
CUST003041,0,
CUST001894,0,
CUST001193,0,
CUST000811,1,2024-07-22
CUST003660,0,
CUST000654,0,
CUST003549,0,
CUST001504,0,
CUST003868,0,
CUST001565,0,
CUST000150,0,
CUST003193,1,2024-08-12
CUST000722,0,
CUST002448,0,
CUST003380,0,
CUST004416,1,2024-12-14
CUST000950,0,
CUST004774,0,
CUST003629,0,
CUST000013,1,2024-04-25
CUST000094,1,2024-05-15
CUST003335,1,2024-10-16
CUST001555,0,
CUST000502,0,
CUST003781,0,
CUST001236,0,
CUST003991,0,
CUST003779,0,
CUST002523,0,
CUST000830,0,
CUST003719,0,
CUST003299,1,2024-03-20
CUST001878,0,
CUST003132,0,
CUST003011,0,
CUST002023,0,
CUST004514,0,
CUST003740,1,2024-05-09
CUST002146,0,
CUST000766,0,
CUST000658,0,
CUST003817,0,
CUST000627,0,
CUST004853,0,
CUST001171,0,
CUST001698,0,
CUST001542,0,
CUST000427,1,2024-05-04
CUST003376,0,
CUST003617,0,
CUST000625,1,2024-11-16
CUST002555,0,
CUST000133,0,
CUST000734,0,
CUST002084,0,
CUST001579,0,
CUST003756,0,
CUST002349,0,
CUST004750,0,
CUST003356,0,
CUST000288,0,
CUST000829,0,
CUST003296,0,
CUST004800,0,
CUST003170,0,
CUST004954,1,2024-12-21
CUST004191,0,
CUST002379,1,2024-04-05
CUST002707,0,
CUST002987,1,2024-10-20
CUST003008,0,
CUST004266,0,
CUST004326,1,2025-01-10
CUST003036,0,
CUST002654,0,
CUST001439,1,2024-03-04
CUST003135,0,
CUST004012,0,
CUST004938,0,
CUST002916,0,
CUST000438,0,
CUST003692,0,
CUST002803,0,
CUST003852,0,
CUST004521,0,
CUST004102,0,
CUST002395,0,
CUST003350,0,
CUST002362,0,
CUST003440,0,
CUST004740,0,
CUST002498,0,
CUST002750,0,
CUST002174,0,
CUST002132,0,
CUST004329,0,
CUST000953,0,
CUST004418,0,
CUST000777,0,
CUST002941,1,2024-07-18
CUST000545,1,2024-10-20
CUST003195,0,
CUST004185,0,
CUST001850,0,
CUST001967,0,
CUST001515,0,
CUST000415,0,
CUST002819,0,
CUST001232,0,
CUST000423,0,
CUST002752,0,
CUST004890,0,
CUST000469,0,
CUST004315,0,
CUST000291,0,
CUST001331,0,
CUST000498,0,
CUST000253,1,2024-07-12
CUST000539,0,
CUST003332,0,
CUST000351,0,
CUST002958,0,
CUST000347,0,
CUST001651,0,
CUST002216,0,
CUST000091,0,
CUST003746,0,
CUST000832,0,
CUST001213,0,
CUST004852,0,
CUST000027,0,
CUST002145,0,
CUST003895,0,
CUST002650,0,
CUST001944,0,
CUST004044,0,
CUST003614,0,
CUST001610,0,
CUST004979,0,
CUST003793,0,
CUST004242,0,
CUST002101,1,2024-11-17
CUST004684,0,
CUST002758,0,
CUST000255,0,
CUST004590,0,
CUST000307,0,
CUST001245,0,
CUST004710,0,
CUST002584,0,
CUST004470,0,
CUST004317,0,
CUST002616,0,
CUST001282,1,2025-01-22
CUST004705,0,
CUST000316,0,
CUST003789,0,
CUST001026,0,
CUST002228,0,
CUST002275,0,
CUST002610,0,
CUST003201,0,
CUST000070,0,
CUST002827,0,
CUST002587,0,
CUST003167,1,2024-05-25
CUST001589,0,
CUST002458,0,
CUST003190,0,
CUST001771,0,
CUST003317,0,
CUST004208,0,
CUST001437,0,
CUST003725,1,2024-05-02
CUST000472,0,
CUST000916,0,
CUST001035,0,
CUST004770,0,
CUST001673,0,
CUST000388,0,
CUST001861,0,
CUST004870,0,
CUST001539,0,
CUST000487,1,2024-05-15
CUST002649,0,
CUST001322,0,
CUST001706,0,
CUST001407,1,2024-09-24
CUST000411,0,
CUST003558,0,
CUST000110,0,
CUST003631,0,
CUST004575,1,2024-10-12
CUST003592,1,2024-04-15
CUST001169,0,
CUST003966,0,
CUST004926,0,
CUST002548,1,2024-04-24
CUST001184,0,
CUST000222,0,
CUST002969,0,
CUST003829,0,
CUST003165,0,
CUST000857,0,
CUST003464,0,
CUST001243,0,
CUST002222,0,
CUST002058,0,
CUST000970,0,
CUST003204,0,
CUST004011,0,
CUST000178,0,
CUST004271,0,
CUST000894,1,2024-10-12
CUST000684,1,2024-07-20
CUST001789,0,
CUST001731,0,
CUST002673,0,
CUST000878,0,
CUST000578,0,
CUST001727,0,
CUST002348,0,
CUST001483,0,
CUST002025,0,
CUST004760,0,
CUST001058,0,
CUST000788,0,
CUST004571,0,
CUST000725,0,
CUST003493,0,
CUST002701,0,
CUST000804,1,2024-10-16
CUST004460,1,2024-07-16
CUST000220,1,2024-04-12
CUST002105,0,
CUST004035,0,
CUST001873,0,
CUST000044,0,
CUST000211,1,2024-08-17
CUST003533,0,
CUST000355,0,
CUST003482,0,
CUST001361,0,
CUST000839,0,
CUST004920,1,2024-12-26
CUST000368,0,
CUST002789,1,2024-09-14
CUST003811,0,
CUST001591,0,
CUST000136,1,2024-04-14
CUST000860,1,2024-07-17
CUST000048,0,
CUST002996,0,
CUST004789,0,
CUST002073,1,2024-04-06
CUST003732,0,
CUST002820,0,
CUST002950,0,
CUST000765,0,
CUST000062,0,
CUST003760,0,
CUST001943,0,
CUST000096,0,
CUST000479,1,2024-08-19
CUST002553,0,
CUST003723,0,
CUST004314,0,
CUST002585,0,
CUST000912,0,
CUST004721,0,
CUST004090,1,2024-10-09
CUST001056,0,
CUST000323,0,
CUST001159,0,
CUST002269,0,
CUST000590,0,
CUST001790,0,
CUST001271,0,
CUST004125,0,
CUST001920,0,
CUST004595,0,
CUST003964,0,
CUST000292,0,
CUST002686,0,
CUST002901,0,
CUST000534,0,
CUST001739,0,
CUST004932,0,
CUST001534,0,
CUST002178,0,
CUST003980,0,
CUST001615,1,2025-01-09
CUST004264,0,
CUST002620,0,
CUST000429,0,
CUST001050,0,
CUST001721,1,2024-09-10
CUST002981,0,
CUST002814,0,
CUST003127,0,
CUST000712,0,
CUST002438,1,2024-07-12
CUST003348,0,
CUST001096,0,
CUST000752,0,
CUST002330,1,2024-11-18
CUST001435,0,
CUST004581,0,
CUST004981,1,2024-05-06
CUST004611,0,
CUST001384,0,
CUST001659,0,
CUST000808,0,
CUST003973,1,2024-08-04
CUST002253,0,
CUST001823,0,
CUST002292,0,
CUST001449,0,
CUST001601,1,2024-04-11
CUST004193,0,
CUST000801,0,
CUST004562,1,2024-04-04
CUST003874,1,2025-01-12
CUST004403,0,
CUST004731,0,
CUST002211,0,
CUST000071,0,
CUST003052,0,
CUST001176,0,
CUST004134,0,
CUST003324,0,
CUST004921,1,2024-07-02
CUST004353,0,
CUST001744,0,
CUST001102,0,
CUST001057,0,
CUST002844,0,
CUST001002,0,
CUST004053,0,
CUST004846,1,2024-11-30
CUST000890,1,2024-04-06
CUST000656,1,2024-12-03
CUST003845,0,
CUST003309,0,
CUST004617,0,
CUST003115,0,
CUST004029,1,2025-01-24
CUST002370,0,
CUST004884,0,
CUST000799,0,
CUST004074,0,
CUST001963,0,
CUST002407,1,2024-02-29
CUST003085,0,
CUST002406,0,
CUST003865,0,
CUST001198,0,
CUST004432,1,2024-06-13
CUST001719,0,
CUST001116,1,2024-08-09
CUST003691,0,
CUST001323,0,
CUST000234,0,
CUST004622,1,2024-11-25
CUST004231,0,
CUST000634,0,
CUST004205,0,
CUST000416,0,
CUST002457,1,2024-10-16
CUST002521,0,
CUST002116,1,2024-02-29
CUST001003,0,
CUST001903,0,
CUST003245,0,
CUST000018,0,
CUST003188,1,2025-01-04
CUST002898,0,
CUST003656,0,
CUST001757,0,
CUST000597,0,
CUST004274,0,
CUST003151,0,
CUST002838,0,
CUST001618,1,2024-08-07
CUST001469,1,2025-01-04
CUST001413,0,
CUST000372,0,
CUST002528,0,
CUST004741,1,2024-12-07
CUST002016,0,
CUST000599,0,
CUST000677,0,
CUST000239,0,
CUST003489,1,2024-05-03
CUST004733,0,
CUST003642,0,
CUST001841,0,
CUST000076,0,
CUST003587,0,
CUST002606,0,
CUST003555,1,2024-12-15
CUST004048,0,
CUST002846,1,2024-05-05
CUST003122,1,2025-01-24
CUST001653,0,
CUST002601,0,
CUST003965,0,
CUST004781,0,
CUST004307,0,
CUST002158,0,
CUST001770,0,
CUST000097,0,
CUST003802,1,2024-12-03
CUST004419,0,
CUST004686,0,
CUST000622,0,
CUST003155,0,
CUST004845,0,
CUST000567,0,
CUST004809,0,
CUST001540,0,
CUST004732,0,
CUST000052,0,
CUST000812,0,
CUST004173,0,
CUST003313,0,
CUST002223,0,
CUST000535,0,
CUST003270,0,
CUST002373,0,
CUST000444,0,
CUST001809,0,
CUST000196,1,2024-03-26
CUST004451,0,
CUST001346,0,
CUST002965,0,
CUST001834,0,
CUST003083,0,
CUST001422,1,2024-09-07
CUST003044,0,
CUST004245,0,
CUST002998,0,
CUST002933,0,
CUST000645,0,
CUST003467,0,
CUST003612,0,
CUST004018,0,
CUST004458,0,
CUST000121,1,2024-11-01
CUST001392,0,
CUST004006,0,
CUST001210,0,
CUST004949,0,
CUST002887,0,
CUST004268,0,
CUST000135,0,
CUST002519,0,
CUST002043,0,
CUST004391,0,
CUST000185,0,
CUST001372,0,
CUST001718,0,
CUST000512,0,
CUST004064,0,
CUST000063,0,
CUST003222,0,
CUST003804,0,
CUST003809,0,
CUST001819,0,
CUST003486,0,
CUST000252,0,
CUST000626,0,
CUST004094,1,2025-01-14
CUST004788,0,
CUST002877,0,
CUST001596,0,
CUST000123,1,2024-08-16
CUST003890,0,
CUST003231,0,
CUST002078,0,
CUST003827,0,
CUST004380,0,
CUST000568,0,
CUST001537,0,
CUST003271,1,2024-12-05
CUST002464,0,
CUST000843,0,
CUST002291,1,2024-07-23
CUST004230,1,2024-11-10
CUST001870,0,
CUST002522,1,2024-04-10
CUST004727,0,
CUST000721,0,
CUST004889,0,
CUST002087,1,2024-05-16
CUST002390,0,
CUST003319,0,
CUST003983,0,
CUST000603,0,
CUST003741,0,
CUST002270,1,2024-07-02
CUST003063,0,
CUST003546,0,
CUST000319,0,
CUST003657,0,
CUST001039,1,2024-12-05
CUST000275,0,
CUST002305,0,
CUST000550,0,
CUST004040,0,
CUST002593,1,2024-04-20
CUST004953,1,2024-08-18
CUST004751,0,
CUST000606,0,
CUST001880,0,
CUST000528,1,2024-07-25
CUST001145,0,
CUST002403,1,2024-11-07
CUST003239,1,2024-07-24
CUST003867,0,
CUST004886,1,2025-01-08
CUST001889,0,
CUST000927,1,2025-01-17
CUST000299,0,
CUST001021,0,
CUST004488,1,2025-01-15
CUST002340,0,
CUST004539,0,
CUST003820,0,
CUST004588,0,
CUST001893,0,
CUST003048,0,
CUST000151,0,
CUST000757,1,2024-08-15
CUST004310,1,2024-09-09
CUST002684,0,
CUST001130,1,2025-01-18
CUST001406,0,
CUST001127,0,
CUST001225,0,
CUST002979,0,
CUST000377,0,
CUST004822,0,
CUST001095,0,
CUST000897,0,
CUST004986,0,
CUST000379,0,
CUST003538,0,
CUST003556,0,
CUST003768,0,
CUST002534,0,
CUST003959,1,2024-08-24
CUST004222,1,2024-09-09
CUST003903,0,
CUST002022,0,
CUST004928,1,2024-12-13
CUST002728,1,2024-08-01
CUST004597,1,2024-05-08
CUST003143,0,
CUST000795,0,
CUST004319,0,
CUST000842,0,
CUST001892,0,
CUST002768,1,2024-04-23
CUST000176,0,
CUST001074,0,
CUST002806,0,
CUST004502,0,
CUST000046,0,
CUST002821,0,
CUST004308,0,
CUST003782,0,
CUST002900,0,
CUST001570,0,
CUST001700,1,2024-06-24
CUST004067,0,
CUST004436,0,
CUST001833,0,
CUST002474,0,
CUST003182,1,2024-11-13
CUST002332,1,2024-12-08
CUST004114,0,
CUST000284,0,
CUST003923,0,
CUST001787,0,
CUST001339,1,2024-04-18
CUST001666,0,
CUST001832,0,
CUST001294,0,
CUST003128,0,
CUST000041,0,
CUST002122,0,
CUST001753,0,
CUST002615,0,
CUST001748,0,
CUST002760,1,2024-10-12
CUST001293,0,
CUST004664,0,
CUST004638,0,
CUST001733,0,
CUST004615,0,
CUST003551,0,
CUST004115,0,
CUST002481,0,
CUST000100,0,
CUST001104,0,
CUST004702,0,
CUST001414,0,
CUST002118,0,
CUST000352,0,
CUST003728,0,
CUST001076,0,
CUST004679,1,2024-12-01
CUST001048,0,
CUST000719,1,2024-11-14
CUST003383,0,
CUST002790,0,
CUST003340,0,
CUST003104,0,
CUST000309,0,
CUST003149,0,
CUST000834,1,2024-03-19
CUST000367,0,
CUST001722,0,
CUST004915,0,
CUST004787,0,
CUST003858,1,2024-05-12
CUST004673,0,
CUST004149,1,2024-05-05
CUST000020,0,
CUST001742,0,
CUST004318,0,
CUST000978,0,
CUST000219,0,
CUST001551,0,
CUST000439,0,
CUST003699,0,
CUST003528,0,
CUST003017,0,
CUST004429,0,
CUST003758,0,
CUST004967,0,
CUST004708,0,
CUST004023,1,2024-07-07
CUST004812,1,2024-04-17
CUST000803,0,
CUST003078,0,
CUST002283,0,
CUST003818,0,
CUST004389,0,
CUST000583,0,
CUST000204,0,
CUST004123,0,
CUST003505,1,2024-11-06
CUST000945,0,
CUST002304,0,
CUST002232,1,2024-07-14
CUST004104,0,
CUST001655,0,
CUST000965,0,
CUST004435,0,
CUST001273,1,2024-12-07
CUST001747,0,
CUST001486,0,
CUST003439,1,2024-04-26
CUST000518,0,
CUST004237,0,
CUST001996,1,2024-11-21
CUST003784,0,
CUST000669,0,
CUST001877,0,
CUST004021,1,2024-08-07
CUST004972,0,
CUST003869,0,
CUST001296,0,
CUST004918,0,
CUST003002,0,
CUST002175,1,2024-12-11
CUST003726,0,
CUST003481,0,
CUST001205,0,
CUST000760,0,
CUST003435,0,
CUST002788,0,
CUST003661,0,
CUST001175,0,
CUST000997,0,
CUST002439,0,
CUST000215,0,
CUST003419,0,
CUST001129,0,
CUST000694,0,
CUST001261,0,
CUST002030,0,
CUST002169,0,
CUST003091,1,2024-09-17
CUST001838,0,
CUST001872,0,
CUST002093,0,
CUST002532,0,
CUST001042,0,
CUST000197,0,
CUST001097,0,
CUST001612,0,
CUST003892,0,
CUST000880,0,
CUST003404,0,
CUST002466,0,
CUST001505,1,2025-01-10
CUST004332,0,
CUST000888,0,
CUST003672,0,
CUST000069,1,2024-07-18
CUST004334,0,
CUST002188,1,2024-06-18
CUST000569,0,
CUST001703,0,
CUST001053,0,
CUST000140,0,
CUST004430,0,
CUST002906,0,
CUST000464,0,
CUST002660,0,
CUST000595,0,
CUST002225,0,
CUST000451,1,2024-08-14
CUST003403,0,
CUST003098,0,
CUST002570,1,2024-04-23
CUST004232,0,
CUST001972,0,
CUST001478,0,
CUST004047,0,
CUST003001,0,
CUST003314,0,
CUST004103,0,
CUST004739,1,2024-10-22
CUST001000,0,
CUST004481,1,2024-05-22
CUST002035,0,
CUST000193,0,
CUST003838,0,
CUST004233,0,
CUST003502,0,
CUST004284,0,
CUST004479,0,
CUST003251,0,
CUST002618,1,2024-07-05
CUST003208,1,2024-12-31
CUST002260,0,
CUST003559,0,
CUST004246,0,
CUST004754,0,
CUST002727,0,
CUST003049,0,
CUST002678,0,
CUST003099,0,
CUST002573,0,
CUST004977,0,
CUST000192,0,
CUST002433,0,
CUST004005,0,
CUST001371,0,
CUST002776,1,2024-05-10
CUST004669,1,2024-06-06
CUST004279,0,
CUST001671,0,
CUST004073,0,
CUST003739,0,
CUST002751,0,
CUST004503,1,2024-12-03
CUST004075,0,
CUST001715,0,
CUST000167,0,
CUST001663,1,2024-09-06
CUST001616,0,
CUST001025,1,2024-11-24
CUST001627,0,
CUST002756,0,
CUST003759,0,
CUST002128,0,
CUST001898,0,
CUST001118,0,
CUST003039,0,
CUST000153,1,2024-05-05
CUST004309,0,
CUST004746,1,2024-11-11
CUST004278,1,2024-06-07
CUST001533,0,
CUST002663,0,
CUST002010,0,
CUST004170,1,2024-10-31
CUST001136,0,
CUST004882,0,
CUST001420,0,
CUST003850,0,
CUST000032,0,
CUST000938,0,
CUST000892,0,
CUST002026,0,
CUST004558,0,
CUST000310,0,
CUST002513,1,2024-07-03
CUST001752,0,
CUST003198,1,2024-06-03
CUST002797,0,
CUST000496,0,
CUST000206,0,
CUST004333,0,
CUST004398,0,
CUST004463,0,
CUST000306,0,
CUST003888,0,
CUST001863,0,
CUST001062,0,
CUST000844,0,
CUST002781,0,
CUST002306,1,2024-05-23
CUST000212,0,
CUST001109,1,2024-12-11
CUST003810,0,
CUST000680,0,
CUST000566,0,
CUST002096,1,2024-12-31
CUST004690,0,
CUST000681,0,
CUST000181,0,
CUST002938,0,
CUST001269,0,
CUST003717,0,
CUST004328,0,
CUST000279,0,
CUST004547,0,
CUST004145,1,2024-09-14
CUST000433,0,
CUST000290,0,
CUST001028,0,
CUST000536,0,
CUST003519,0,
CUST000189,1,2024-10-22
CUST002226,0,
CUST004014,0,
CUST001336,0,
CUST000271,1,2024-09-18
CUST003443,0,
CUST004136,0,
CUST002303,1,2024-06-02
CUST003790,0,
CUST000112,0,
CUST003076,0,
CUST000221,0,
CUST001174,0,
CUST000628,0,
CUST002233,0,
CUST004913,0,
CUST003424,0,
CUST000791,0,
CUST003373,0,
CUST000462,0,
CUST004457,0,
CUST000552,0,
CUST001425,0,
CUST002414,0,
CUST000199,1,2024-03-11
CUST003037,0,
CUST001740,0,
CUST000403,0,
CUST003138,0,
CUST002187,0,
CUST004823,0,
CUST004630,0,
CUST001745,0,
CUST004518,0,
CUST000651,0,
CUST000709,0,
CUST001544,0,
CUST004490,0,
CUST003800,0,
CUST001913,0,
CUST004420,0,
CUST000315,0,
CUST001254,0,
CUST004530,0,
CUST000114,0,
CUST000961,0,
CUST002986,0,
CUST002312,0,
CUST001933,0,
CUST003410,0,
CUST004154,0,
CUST003280,0,
CUST003663,0,
CUST004146,1,2025-01-16
CUST004689,0,
CUST001895,1,2024-10-24
CUST003930,0,
CUST002012,0,
CUST000327,0,
CUST000605,0,
CUST004243,1,2024-09-08
CUST003097,0,
CUST002643,0,
CUST004188,0,
CUST001879,0,
CUST003162,0,
CUST001421,0,
CUST003413,0,
CUST001484,0,
CUST004674,1,2024-08-06
CUST003952,0,
CUST000790,0,
CUST002320,0,
CUST004300,0,
CUST001584,0,
CUST000872,1,2024-03-19
CUST003907,0,
CUST002695,0,
CUST001376,0,
CUST000074,1,2024-07-02
CUST002003,0,
CUST003320,1,2024-03-17
CUST001398,0,
CUST003090,0,
CUST004975,1,2024-05-08
CUST004631,0,
CUST003904,0,
CUST002299,0,
CUST004671,1,2024-10-23
CUST002823,0,
CUST000495,0,
CUST003215,0,
CUST003338,1,2024-06-24
CUST002836,0,
CUST001165,0,
CUST002715,0,
CUST001808,1,2024-05-02
CUST001558,0,
CUST003771,0,
CUST001919,0,
CUST000619,0,
CUST001927,0,
CUST003009,0,
CUST002104,0,
CUST002599,0,
CUST002124,0,
CUST004640,0,
CUST000870,0,
CUST003670,1,2024-08-17
CUST001043,0,
CUST003564,0,
CUST000357,1,2024-09-19
CUST001163,0,
CUST002834,0,
CUST002485,0,
CUST003909,1,2024-06-24
CUST001617,0,
CUST001910,0,
CUST004836,0,
CUST003734,0,
CUST004026,0,
CUST003269,1,2024-07-06
CUST000333,0,
CUST001352,1,2025-01-20
CUST002805,0,
CUST004280,1,2024-11-14
CUST001259,0,
CUST003762,0,
CUST002670,0,
CUST001117,0,
CUST004452,0,
CUST004961,0,
CUST002578,0,
CUST002526,0,
CUST003352,0,
CUST001433,0,
CUST000446,0,
CUST002300,0,
CUST000453,1,2024-04-25
CUST001621,0,
CUST004950,0,
CUST003033,1,2024-11-26
CUST000015,0,
CUST002689,1,2024-11-13
CUST000946,1,2024-05-03
CUST000248,0,
CUST003304,0,
CUST000361,1,2024-12-24
CUST004714,0,
CUST003064,1,2024-07-21
CUST004680,0,
CUST004654,0,
CUST001341,0,
CUST003254,0,
CUST002771,0,
CUST003581,0,
CUST003227,1,2024-09-08
CUST004945,0,
CUST002925,0,
CUST000491,0,
CUST000863,0,
CUST003814,0,
CUST002267,0,
CUST001962,1,2024-10-25
CUST004609,0,
CUST001695,0,
CUST000507,1,2024-08-17
CUST002744,0,
CUST000026,0,
CUST005000,0,
CUST001223,0,
CUST001114,1,2024-08-15
CUST001993,0,
CUST003733,0,
CUST003442,1,2024-03-26
CUST004730,0,
CUST000434,0,
CUST003893,0,
CUST003998,1,2025-01-19
CUST002907,0,
CUST002143,0,
CUST002911,0,
CUST003248,0,
CUST002183,0,
CUST001768,1,2024-10-10
CUST002992,0,
CUST001103,0,
CUST002688,1,2024-07-06
CUST001633,0,
CUST003937,0,
CUST003938,0,
CUST000157,0,
CUST004101,0,
CUST002358,0,
CUST000616,0,
CUST000644,0,
CUST004783,0,
CUST002310,0,
CUST001069,0,
CUST003371,0,
CUST004323,0,
CUST004293,0,
CUST004709,0,
CUST000331,0,
CUST001737,0,
CUST003906,0,
CUST004777,1,2025-01-26
CUST000623,0,
CUST003054,0,
CUST002381,0,
CUST004711,0,
CUST004858,0,
CUST003722,0,
CUST001631,0,
CUST002777,0,
CUST000756,1,2024-08-09
CUST000519,0,
CUST003898,1,2024-04-08
CUST000033,0,
CUST003013,0,
CUST001158,0,
CUST000745,0,
CUST003856,1,2024-06-20
CUST002459,0,
CUST002940,0,
CUST002655,0,
CUST000784,0,
CUST004766,0,
CUST004779,0,
CUST000230,0,
CUST000858,0,
CUST003409,0,
CUST002418,0,
CUST000409,1,2024-08-05
CUST000171,0,
CUST000541,0,
CUST002265,0,
CUST003887,0,
CUST002629,1,2024-11-11
CUST000614,0,
CUST001554,1,2024-08-11
CUST004000,0,
CUST003527,0,
CUST001162,0,
CUST002111,0,
CUST002421,0,
CUST001667,0,
CUST002202,0,
CUST002053,0,
CUST002520,0,
CUST000565,1,2024-11-19
CUST003840,1,2024-11-23
CUST004302,0,
CUST001938,0,
CUST001535,0,
CUST001438,0,
CUST001457,1,2024-10-20
CUST004989,0,
CUST003566,0,
CUST004164,1,2025-01-03
CUST003362,0,
CUST003113,0,
CUST003232,0,
CUST001173,0,
CUST004948,0,
CUST000326,0,
CUST001052,0,
CUST003291,0,
CUST004078,0,
CUST002961,1,2024-06-10
CUST001506,0,
CUST003698,1,2024-03-06
CUST001197,0,
CUST000621,0,
CUST004907,0,
CUST003932,1,2024-06-21
CUST001190,0,
CUST000329,0,
CUST000649,1,2024-07-20
CUST000898,0,
CUST002665,1,2024-06-17
CUST001124,0,
CUST003253,0,
CUST004701,0,
CUST001906,1,2024-12-09
CUST002659,0,
CUST002006,0,
CUST001816,0,
CUST003399,0,
CUST004843,0,
CUST002571,1,2024-06-17
CUST003166,1,2024-11-08
CUST001024,0,
CUST004485,0,
CUST002991,0,
CUST002171,1,2024-02-29
CUST001455,1,2024-12-19
CUST004357,0,
CUST000810,0,
CUST002923,0,
CUST000979,0,
CUST004050,0,
CUST004020,0,
CUST001922,0,
CUST002550,0,
CUST003028,0,
CUST002460,0,
CUST004010,0,
CUST004085,0,
CUST004476,0,
CUST000175,0,
CUST001624,0,
CUST004292,0,
CUST001546,0,
CUST004517,0,
CUST000218,0,
CUST004013,0,
CUST003815,0,
CUST001445,0,
CUST000691,0,
CUST002641,0,
CUST002288,0,
CUST002293,1,2024-09-19
CUST001107,0,
CUST003261,0,
CUST001984,0,
CUST002385,0,
CUST000612,0,
CUST004893,1,2024-08-21
CUST004764,0,
CUST003806,0,
CUST000577,1,2024-05-01
CUST002255,0,
CUST004491,1,2024-08-13
CUST001181,0,
CUST000889,1,2024-06-26
CUST004914,0,
CUST003430,0,
CUST004405,0,
CUST000818,0,
CUST003915,1,2024-10-23
CUST004225,0,
CUST000209,0,
CUST000294,0,
CUST001120,0,
CUST002268,0,
CUST003079,1,2024-03-10
CUST001265,0,
CUST000991,1,2024-03-03
CUST002329,0,
CUST004682,0,
CUST002697,0,
CUST000354,0,
CUST004872,0,
CUST001567,1,2024-07-05
CUST004716,0,
CUST001490,1,2024-09-15
CUST004574,1,2025-01-02
CUST002842,0,
CUST003131,0,
CUST001229,0,
CUST000260,0,
CUST002928,0,
CUST002560,0,
CUST004998,0,
CUST004431,0,
CUST002604,0,
CUST000053,0,
CUST004169,0,
CUST004831,0,
CUST002246,1,2024-11-30
CUST002465,0,
CUST002858,0,
CUST002400,0,
CUST001480,0,
CUST001508,1,2024-11-14
CUST001034,0,
CUST001098,1,2024-03-16
CUST001470,0,
CUST000544,0,
CUST001047,0,
CUST003436,1,2024-07-01
CUST001966,0,
CUST000031,0,
CUST000726,0,
CUST004070,0,
CUST003648,0,
CUST004002,0,
CUST001427,0,
CUST002556,0,
CUST000437,1,2024-06-22
CUST002529,0,
CUST000913,0,
CUST004275,0,
CUST004216,0,
CUST004568,0,
CUST004155,0,
CUST002343,0,
CUST002094,0,
CUST001239,0,
CUST000904,0,
CUST003990,0,
CUST004199,0,
CUST004027,0,
CUST000508,1,2024-03-09
CUST003308,0,
CUST000184,0,
CUST001635,0,
CUST001498,0,
CUST002214,0,
CUST000322,0,
CUST002479,0,
CUST003363,0,
CUST004424,1,2025-01-22
CUST004158,0,
CUST001860,0,
CUST001925,1,2024-06-07
CUST004440,0,
CUST001552,0,
CUST004591,0,
CUST001147,0,
CUST002120,0,
CUST000045,0,
CUST002308,0,
CUST001593,0,
CUST004354,0,
CUST001379,0,
CUST004982,0,
CUST000921,0,
CUST000414,0,
CUST004087,1,2024-03-09
CUST001408,1,2024-03-20
CUST004861,1,2024-03-19
CUST000802,0,
CUST001289,0,
CUST001559,0,
CUST002234,0,
CUST002499,0,
CUST001619,1,2024-05-19
CUST002374,0,
CUST000257,1,2024-09-16
CUST001875,0,
CUST001766,1,2024-04-15
CUST001152,0,
CUST003278,0,
CUST000648,0,
CUST004819,1,2024-07-08
CUST002698,0,
CUST001780,0,
CUST003873,0,
CUST001774,0,
CUST003863,0,
CUST001316,0,
CUST001089,0,
CUST002054,0,
CUST002524,0,
CUST001778,0,
CUST001351,0,
CUST004580,0,
CUST000113,0,
CUST003961,0,
CUST000264,0,
CUST001394,0,
CUST001965,1,2024-06-08
CUST001187,1,2024-12-20
CUST002408,0,
CUST000057,0,
CUST001310,0,
CUST000696,0,
CUST004256,0,
CUST003971,0,
CUST001804,0,
CUST004260,0,
CUST002319,0,
CUST000320,1,2024-07-03
CUST002342,0,
CUST001590,1,2024-09-12
CUST000683,0,
CUST002371,0,
CUST003300,0,
CUST000480,0,
CUST003788,1,2024-11-26
CUST002926,0,
CUST000287,0,
CUST002345,1,2025-01-16
CUST003960,0,
CUST002471,0,
CUST003665,0,
CUST003590,0,
CUST001599,1,2025-01-23
CUST002743,0,
CUST002134,0,
CUST000737,0,
CUST000831,0,
CUST000337,0,
CUST002441,0,
CUST004653,1,2024-09-10
CUST002706,0,
CUST004459,0,
CUST001072,0,
CUST002955,1,2024-12-13
CUST002537,0,
CUST002347,0,
CUST004370,0,
CUST004407,0,
CUST004024,0,
CUST003455,1,2025-01-11
CUST001489,0,
CUST000499,0,
CUST004399,0,
CUST004531,0,
CUST003575,0,
CUST002396,1,2024-07-03
CUST003711,0,
CUST003120,0,
CUST003169,0,
CUST001611,1,2025-01-02
CUST003669,0,
CUST002334,0,
CUST002092,0,
CUST001023,0,
CUST002338,0,
CUST004947,0,
CUST003535,0,
CUST004616,0,
CUST002081,0,
CUST000666,0,
CUST004031,0,
CUST002703,0,
CUST002079,1,2024-12-02
CUST004320,0,
CUST002218,0,
CUST001018,0,
CUST000558,0,
CUST004962,0,
CUST001208,0,
CUST002074,0,
CUST003353,1,2024-08-15
CUST002582,0,
CUST001511,0,
CUST001814,0,
CUST001685,0,
CUST000246,1,2024-07-13
CUST001164,0,
CUST004382,0,
CUST000267,0,
CUST003216,0,
CUST001115,0,
CUST000064,0,
CUST002527,1,2024-08-04
CUST002656,1,2024-05-11
CUST002221,0,
CUST002826,0,
CUST003092,0,
CUST003160,0,
CUST003361,0,
CUST003962,0,
CUST002314,1,2024-12-24
CUST002112,0,
CUST003266,1,2024-09-17
CUST002331,1,2024-03-11
CUST001238,0,
CUST000104,0,
CUST002708,1,2024-08-26
CUST000273,0,
CUST000509,0,
CUST002281,0,
CUST004994,0,
CUST001730,0,
CUST000866,0,
CUST002589,0,
CUST000909,0,
CUST002165,0,
CUST002930,0,
CUST003995,0,
CUST001628,0,
CUST004396,0,
CUST001523,0,
CUST000836,0,
CUST000359,0,
CUST000139,0,
CUST000300,0,
CUST001557,0,
CUST001004,0,
CUST000383,0,
CUST000942,0,
CUST002324,1,2024-12-12
CUST003843,0,
CUST000762,0,
CUST001783,0,
CUST004857,0,
CUST003686,0,
CUST004241,0,
CUST002446,1,2024-04-22
CUST000899,0,
CUST004894,0,
CUST002285,0,
CUST001403,1,2024-04-26
CUST002102,0,
CUST003880,1,2024-09-01
CUST004441,0,
CUST003918,0,
CUST001513,0,
CUST001189,0,
CUST004210,0,
CUST004906,0,
CUST003974,1,2024-04-03
CUST003526,0,
CUST000109,0,
CUST002802,1,2024-06-13
CUST001942,0,
CUST000059,0,
CUST000077,0,
CUST000797,0,
CUST000369,0,
CUST004966,0,
CUST000786,0,
CUST002099,0,
CUST002139,0,
CUST002046,0,
CUST004339,0,
CUST003624,0,
CUST003274,0,
CUST003468,1,2024-10-08
CUST000122,0,
CUST002624,1,2024-04-30
CUST003730,0,
CUST004725,0,
CUST000911,0,
CUST000125,1,2024-06-20
CUST002037,0,
CUST001587,0,
CUST001258,1,2024-11-07
CUST003530,0,
CUST003571,1,2024-12-01
CUST003472,0,
CUST001179,1,2024-03-13
CUST004607,0,
CUST003560,0,
CUST003847,0,
CUST002154,0,
CUST000443,0,
CUST004130,1,2024-02-29
CUST002946,1,2024-03-13
CUST000926,0,
CUST002388,0,
CUST002196,0,
CUST004830,1,2024-05-21
CUST001412,0,
CUST004990,0,
CUST002451,0,
CUST001510,1,2024-10-13
CUST001228,0,
CUST003695,0,
CUST003552,0,
CUST004536,0,
CUST003478,0,
CUST003367,0,
CUST000325,0,
CUST003163,0,
CUST002504,0,
CUST001989,0,
CUST003385,1,2024-12-17
CUST003942,1,2024-04-12
CUST001499,0,
CUST001503,0,
CUST001007,0,
CUST002245,0,
CUST004495,0,
CUST003607,0,
CUST001468,0,
CUST001226,0,
CUST002975,1,2024-04-24
CUST002219,0,
CUST002322,0,
CUST003783,0,
CUST001217,1,2024-09-06
CUST004076,1,2024-04-18
CUST003666,0,
CUST000421,0,
CUST004887,0,
CUST000007,0,
CUST000933,0,
CUST001692,1,2024-06-19
CUST000440,0,
CUST001314,1,2024-12-25
CUST000679,0,
CUST002032,0,
CUST004667,0,
CUST002679,1,2024-08-08
CUST003910,0,
CUST004691,0,
CUST002173,1,2024-12-18
CUST002577,0,
CUST002496,0,
CUST001087,0,
CUST002276,0,
CUST004996,0,
CUST002847,0,
CUST002705,0,
CUST000195,0,
CUST001475,0,
CUST004901,0,
CUST002192,0,
CUST001212,1,2024-04-24
CUST002830,0,
CUST001658,0,
CUST004368,0,
CUST003101,0,
CUST002772,1,2024-06-12
CUST004226,0,
CUST004976,0,
CUST001936,0,
CUST001131,0,
CUST001462,1,2024-03-04
CUST000277,0,
CUST004585,0,
CUST002277,0,
CUST004555,0,
CUST002352,1,2024-10-15
CUST001303,0,
CUST002576,1,2024-04-03
CUST000223,0,
CUST004698,0,
CUST003545,0,
CUST000574,0,
CUST001237,0,
CUST003636,0,
CUST002489,0,
CUST002722,0,
CUST001335,0,
CUST004991,0,
CUST002516,0,
CUST000419,0,
CUST000268,0,
CUST001105,0,
CUST000258,0,
CUST000296,0,
CUST002417,0,
CUST000387,0,
CUST003632,0,
CUST003174,0,
CUST004782,1,2024-04-15
CUST002378,0,
CUST004881,0,
CUST003606,0,
CUST002482,1,2024-10-17
CUST004439,1,2024-11-24
CUST001564,0,
CUST001979,0,
CUST001401,0,
CUST000713,0,
CUST002405,0,
CUST002590,0,
CUST000210,0,
CUST004042,0,
CUST001290,1,2025-01-05
CUST004946,0,
CUST001843,0,
CUST000450,0,
CUST004372,0,
CUST002631,0,
CUST001821,1,2024-06-09
CUST000959,1,2024-08-31
CUST001794,0,
CUST002100,1,2024-04-15
CUST000655,0,
CUST002463,0,
CUST003949,0,
CUST000332,0,
CUST001761,0,
CUST002410,0,
CUST002810,1,2024-03-19
CUST003341,0,
CUST000412,0,
CUST001775,0,
CUST001974,0,
CUST004922,0,
CUST003414,0,
CUST004956,0,
CUST004366,0,
CUST004834,1,2024-03-24
CUST003797,0,
CUST002296,0,
CUST002733,0,
CUST003650,0,
CUST002019,1,2024-10-13
CUST003456,0,
CUST002017,0,
CUST003662,0,
CUST000431,1,2024-06-17
CUST002999,0,
CUST004756,0,
CUST001367,0,
CUST000174,0,
CUST004540,0,
CUST001177,0,
CUST004444,0,
CUST001477,0,
CUST003337,0,
CUST002368,0,
CUST000103,0,
CUST002813,1,2024-07-11
CUST004510,1,2024-05-19
CUST001953,0,
CUST001264,0,
CUST002956,0,
CUST004576,0,
CUST002427,0,
CUST003318,1,2024-07-26
CUST002808,0,
CUST001791,0,
CUST003257,0,
CUST004715,0,
CUST001644,0,
CUST004561,0,
CUST000001,0,
CUST001581,0,
CUST004477,0,
CUST004168,0,
CUST001357,1,2024-06-02
CUST003480,0,
CUST003602,0,
CUST002289,0,
CUST003586,0,
CUST004355,1,2025-01-17
CUST000397,0,
CUST004719,0,
CUST001065,0,
CUST004097,0,
CUST002415,0,
CUST003461,0,
CUST000819,0,
CUST001813,0,
CUST004174,0,
CUST001553,0,
CUST003205,0,
CUST000817,0,
CUST001573,0,
CUST003950,0,
CUST001801,0,
CUST004744,0,
CUST000382,0,
CUST002949,0,
CUST003919,0,
CUST002859,0,
CUST003594,0,
CUST002367,1,2024-09-19
CUST004379,0,
CUST001781,0,
CUST003103,0,
CUST002493,0,
CUST002389,0,
CUST000865,0,
CUST003102,0,
CUST003250,0,
CUST000555,0,
CUST001160,0,
CUST001214,0,
CUST002903,0,
CUST003693,0,
CUST000049,0,
CUST002423,1,2024-11-26
CUST000701,0,
CUST000653,1,2024-12-19
CUST003755,0,
CUST003152,0,
CUST004871,0,
CUST000749,0,
CUST001456,0,
CUST004248,0,
CUST002136,0,
CUST002313,0,
CUST000867,0,
CUST000753,1,2024-12-25
CUST001645,0,
CUST000093,1,2024-12-07
CUST002895,1,2024-09-08
CUST003185,0,
CUST002488,0,
CUST004931,0,
CUST001491,0,
CUST002971,1,2024-05-10
CUST002229,0,
CUST000730,0,
CUST002785,0,
CUST002742,0,
CUST004377,0,
CUST001937,0,
CUST001746,0,
CUST002544,0,
CUST003365,0,
CUST004902,0,
CUST001958,0,
CUST001111,0,
CUST003426,0,
CUST004119,0,
CUST004527,1,2024-06-17
CUST001186,0,
CUST004072,0,
CUST000194,0,
CUST001516,1,2024-06-18
CUST000579,0,
CUST001430,0,
CUST003685,1,2024-09-15
CUST001847,1,2024-10-06
CUST000132,0,
CUST000179,0,
CUST004522,0,
CUST003993,1,2025-01-10
CUST002581,0,
CUST002747,0,
CUST003406,0,
CUST000659,0,
CUST001897,0,
CUST003405,0,
CUST004825,1,2024-11-03
CUST000343,0,
CUST002608,0,
CUST000728,0,
CUST003878,0,
CUST000977,0,
CUST002089,0,
CUST003056,0,
CUST001929,0,
CUST003015,0,
CUST003323,0,
CUST001300,0,
CUST004624,0,
CUST004656,0,
CUST000661,0,
CUST004069,0,
CUST004240,0,
CUST004202,0,
CUST004059,1,2024-06-06
CUST002243,0,
CUST003134,0,
CUST003765,0,
CUST003690,0,
CUST003277,0,
CUST001279,0,
CUST003154,0,
CUST001622,0,
CUST003095,0,
CUST003997,0,
CUST000068,0,
CUST002644,1,2024-06-20
CUST002487,0,
CUST004978,0,
CUST000821,0,
CUST001227,0,
CUST004016,0,
CUST002198,0,
CUST004508,0,
CUST004513,0,
CUST004324,0,
CUST003438,0,
CUST001144,0,
CUST000398,0,
CUST003955,0,
CUST004356,0,
CUST002828,0,
CUST001399,1,2024-11-10
CUST001660,0,
CUST000980,0,
CUST001299,0,
CUST002318,0,
CUST000083,0,
CUST003703,0,
CUST004401,0,
CUST003834,0,
CUST003876,0,
CUST003871,0,
CUST000424,0,
CUST004394,1,2024-10-16
CUST001905,1,2025-01-19
CUST004594,0,
CUST004519,0,
CUST003186,0,
CUST001566,0,
CUST003444,0,
CUST000840,0,
CUST000501,0,
CUST000142,0,
CUST001378,1,2024-12-08
CUST004816,0,
CUST002195,0,
CUST001139,0,
CUST002943,0,
CUST001788,1,2024-07-10
CUST002628,0,
CUST000551,0,
CUST003183,0,
CUST002020,0,
CUST000949,0,
CUST002315,1,2024-08-15
CUST000533,0,
CUST001830,0,
CUST002993,0,
CUST004473,0,
CUST003969,0,
CUST001603,0,
CUST000640,0,
CUST004930,0,
CUST000968,0,
CUST004291,1,2024-11-15
CUST002690,0,
CUST001684,0,
CUST004526,0,
CUST002586,0,
CUST000156,0,
CUST003003,0,
CUST004885,0,
CUST001090,0,
CUST002729,0,
CUST004294,0,
CUST000289,0,
CUST000931,0,
CUST002597,0,
CUST002317,0,
CUST003460,0,
CUST002424,0,
CUST003378,0,
CUST000943,0,
CUST003956,0,
CUST004720,1,2024-05-08
CUST001699,0,
CUST004767,0,
CUST003035,0,
CUST002860,0,
CUST002882,0,
CUST000986,0,
CUST003023,0,
CUST002241,0,
CUST004898,0,
CUST004837,0,
CUST000982,0,
CUST002551,0,
CUST004795,0,
CUST003246,0,
CUST003018,0,
CUST003618,0,
CUST003941,0,
CUST001458,1,2024-08-31
CUST001396,0,
CUST000265,0,
CUST002452,0,
CUST000930,0,
CUST003144,0,
CUST002179,1,2024-10-06
CUST002759,1,2024-03-24
CUST000247,0,
CUST003684,0,
CUST001759,0,
CUST004925,0,
CUST002881,0,
CUST000924,0,
CUST003576,0,
CUST000269,1,2024-08-01
CUST000670,0,
CUST002804,0,
CUST001911,0,
CUST003065,0,
CUST001153,0,
CUST004877,0,
CUST003544,0,
CUST004295,0,
CUST004620,0,
CUST002224,0,
CUST003290,0,
CUST001916,0,
CUST000613,0,
CUST004049,0,
CUST003621,0,
CUST001899,1,2024-12-04
CUST001650,0,
CUST002510,0,
CUST000259,0,
CUST000848,0,
CUST004306,0,
CUST001234,0,
CUST001128,0,
CUST001968,0,
CUST000559,0,
CUST004004,0,
CUST000485,0,
CUST002212,0,
CUST001321,1,2024-05-19
CUST002795,0,
CUST000008,1,2024-07-09
CUST003366,0,
CUST003275,0,
CUST001451,0,
CUST004605,0,
CUST001815,0,
CUST000774,0,
CUST001012,0,
CUST000183,0,
CUST002506,0,
CUST001992,0,
CUST001278,0,
CUST001784,1,2024-04-15
CUST004803,0,
CUST000447,1,2024-10-06
CUST000881,0,
CUST004971,0,
CUST000782,0,
CUST001750,0,
CUST004156,1,2024-07-16
CUST002664,0,
CUST004942,0,
CUST004376,0,
CUST000884,1,2024-04-15
CUST003306,0,
CUST001092,0,
CUST003014,1,2024-12-18
CUST000532,1,2024-03-16
CUST004110,0,
CUST003412,0,
CUST001728,0,
CUST000611,0,
CUST000571,1,2024-09-04
CUST003651,1,2025-01-11
CUST003110,0,
CUST000344,0,
CUST003081,0,
CUST003786,0,
CUST000435,1,2024-03-22
CUST001904,0,
CUST003899,0,
CUST002442,0,
CUST002070,0,
CUST001538,1,2025-01-14
CUST003668,0,
CUST002843,1,2024-12-20
CUST001518,0,
CUST000966,0,
CUST004461,0,
CUST000529,0,
CUST000177,0,
CUST004129,1,2024-12-26
CUST003860,0,
CUST004352,1,2024-10-23
CUST000573,0,
CUST002355,0,
CUST003772,1,2024-07-06
CUST002518,0,
CUST003616,0,
CUST004919,0,
CUST002209,0,
CUST004063,0,
CUST002856,0,
CUST000384,0,
CUST000853,0,
CUST001881,0,
CUST000371,0,
CUST003604,0,
CUST004378,0,
CUST001106,0,
CUST002634,1,2025-01-09
CUST004045,0,
CUST001337,0,
CUST002190,0,
CUST004650,0,
CUST002375,0,
CUST003415,0,
CUST003882,0,
CUST004908,0,
CUST001172,1,2024-12-11
CUST002657,0,
CUST003872,0,
CUST001423,0,
CUST003593,0,
CUST002716,1,2024-03-09
CUST004338,1,2024-04-21
CUST001465,1,2024-05-17
CUST000875,0,
CUST002298,1,2024-06-19
CUST002380,0,
CUST004395,0,
CUST001252,0,
CUST003927,0,
CUST000841,0,
CUST003835,0,
CUST000582,0,
CUST000205,0,
CUST001642,0,
CUST002015,1,2024-08-24
CUST000906,0,
CUST000632,0,
CUST003177,0,
CUST001975,0,
CUST000163,1,2024-03-23
CUST003258,0,
CUST004404,0,
CUST004551,0,
CUST000618,0,
CUST000876,0,
CUST001432,0,
CUST000548,1,2024-08-24
CUST003423,0,
CUST004602,0,
CUST004276,0,
CUST002652,1,2024-12-24
CUST004959,0,
CUST002536,0,
CUST004854,0,
CUST001862,0,
CUST000641,1,2024-09-08
CUST003067,1,2024-06-06
CUST000638,0,
CUST003608,1,2024-11-30
CUST004009,0,
CUST003066,1,2024-10-24
CUST002097,0,
CUST004749,0,
CUST003159,1,2024-09-22
CUST003769,0,
CUST004374,0,
CUST000922,0,
CUST000547,0,
CUST003761,0,
CUST001901,0,
CUST002029,1,2024-04-22
CUST002302,0,
CUST001886,0,
CUST001643,0,
CUST003600,0,
CUST004869,0,
CUST002098,0,
CUST004412,0,
CUST003655,1,2024-08-04
CUST004550,0,
CUST000837,0,
CUST000602,1,2024-07-17
CUST002185,0,
CUST004438,1,2024-04-01
CUST003428,0,
CUST004362,0,
CUST001583,1,2024-09-25
CUST004321,0,
CUST002595,0,
CUST002793,0,
CUST001071,1,2024-11-16
CUST001776,0,
CUST004868,0,
CUST001284,0,
CUST003133,0,
CUST004813,1,2024-11-25
CUST001837,0,
CUST004296,0,
CUST001020,0,
CUST003292,1,2024-08-08
CUST001327,1,2024-11-20
CUST000476,0,
CUST003537,1,2025-01-14
CUST001652,0,
CUST004704,0,
CUST004340,0,
CUST002674,0,
CUST002535,1,2024-06-24
CUST002647,0,
CUST001374,0,
CUST000740,0,
CUST003713,0,
CUST002611,0,
CUST000868,0,
CUST001141,1,2024-08-13
CUST000998,0,
CUST001338,0,
CUST000542,0,
CUST001100,0,
CUST001133,1,2024-05-03
CUST004993,0,
CUST004041,0,
CUST002259,0,
CUST004088,1,2024-12-16
CUST000060,0,
CUST001939,0,
CUST004916,1,2024-08-24
CUST004997,0,
CUST001079,0,
CUST004560,0,
CUST003704,0,
CUST002592,0,
CUST000941,0,
CUST001081,0,
CUST000188,0,
CUST002699,0,
CUST002086,0,
CUST002250,0,
CUST004951,0,
CUST002024,0,
CUST002749,0,
CUST001493,0,
CUST003946,1,2024-08-08
CUST000227,1,2024-05-05
CUST003694,0,
CUST001930,0,
CUST003139,1,2024-05-06
CUST004545,0,
CUST001405,0,
CUST002180,0,
CUST000698,0,
CUST001125,0,
CUST002866,0,
CUST003241,0,
CUST001779,0,
CUST003805,0,
CUST001038,1,2024-06-07
CUST004227,0,
CUST002257,0,
CUST000314,0,
CUST002282,0,
CUST001417,0,
CUST001037,0,
CUST002160,0,
CUST004215,0,
CUST001755,0,
CUST003197,0,
CUST002884,0,
CUST002765,0,
CUST004099,0,
CUST003434,0,
CUST003520,0,
CUST001507,0,
CUST001924,0,
CUST000449,0,
CUST002500,0,
CUST004311,0,
CUST002764,0,
CUST000362,0,
CUST002184,0,
CUST001135,1,2024-06-20
CUST003978,0,
CUST002156,0,
CUST001831,0,
CUST001054,0,
CUST002461,0,
CUST000023,0,
CUST002067,0,
CUST001654,0,
CUST002651,1,2024-09-19
CUST003297,0,
CUST002868,0,
CUST004120,0,
CUST002469,0,
CUST002326,0,
CUST000461,0,
CUST001068,1,2024-08-18
CUST000088,0,
CUST001431,1,2024-03-26
CUST004538,0,
CUST000283,0,
CUST002484,0,
CUST000463,0,
CUST000213,1,2024-08-12
CUST002645,0,
CUST001369,0,
CUST000235,0,
CUST004699,0,
CUST000598,0,
CUST004970,0,
CUST002251,0,
CUST002133,1,2024-04-25
CUST002284,0,
CUST000663,0,
CUST000203,0,
CUST002286,0,
CUST004775,0,
CUST004428,0,
CUST002562,1,2024-12-13
CUST003521,0,
CUST000780,0,
CUST003465,0,
CUST004567,0,
CUST004634,0,
CUST003283,0,
CUST004895,0,
CUST000686,0,
CUST003255,1,2024-08-20
CUST002816,0,
CUST004534,0,
CUST002172,1,2024-03-07
CUST004757,0,
CUST001851,0,
CUST000488,0,
CUST001689,1,2024-09-19
CUST002231,0,
CUST003351,0,
CUST002321,0,
CUST000783,0,
CUST000522,0,
CUST000523,0,
CUST002909,1,2024-10-07
CUST004052,0,
CUST002399,0,
CUST002208,0,
CUST003568,0,
CUST004252,0,
CUST003832,1,2024-08-24
CUST002893,0,
CUST001512,1,2024-03-02
CUST001883,0,
CUST000652,0,
CUST002857,1,2024-07-14
CUST003173,0,
CUST000370,0,
CUST004498,0,
CUST000119,0,
CUST003408,0,
CUST003117,0,
CUST002217,0,
CUST003634,0,
CUST001614,0,
CUST002989,0,
CUST000963,0,
CUST002511,1,2024-07-21
CUST003639,0,
CUST002894,0,
CUST004162,0,
CUST003114,0,
CUST002416,0,
CUST004712,0,
CUST004509,1,2024-05-03
CUST002186,0,
CUST002568,0,
CUST002038,0,
CUST004316,0,
CUST000773,0,
CUST001285,0,
CUST004904,0,
CUST004796,0,
CUST002588,0,
CUST004632,0,
CUST001415,0,
CUST001235,1,2025-01-20
CUST002766,0,
CUST000436,0,
CUST001675,0,
CUST000366,1,2024-10-18
CUST004633,0,
CUST000232,0,
CUST004322,0,
CUST000148,0,
CUST004454,0,
CUST000408,0,
CUST002091,0,
CUST000087,1,2024-06-18
CUST000845,0,
CUST001032,0,
CUST003934,0,
CUST004587,0,
CUST003675,0,
CUST003884,1,2024-08-24
CUST002723,0,
CUST000856,0,
CUST000079,1,2024-09-16
CUST002248,0,
CUST004626,1,2024-09-13
CUST003751,0,
CUST004462,0,
CUST002985,0,
CUST002280,0,
CUST004467,0,
CUST004211,0,
CUST003968,0,
CUST003517,0,
CUST002177,1,2024-06-07
CUST000425,0,
CUST000393,0,
CUST004785,0,
CUST003504,0,
CUST000105,0,
CUST003051,0,
CUST002635,0,
CUST003221,0,
CUST002880,0,
CUST001949,0,
CUST001460,0,
CUST004688,0,
CUST002874,0,
CUST004499,0,
CUST004849,0,
CUST001588,0,
CUST003754,0,
CUST001732,0,
CUST004824,0,
CUST003808,0,
CUST004482,0,
CUST001792,1,2024-12-08
CUST002356,0,
CUST001941,0,
CUST000703,0,
CUST002443,1,2024-10-10
CUST003130,0,
CUST000497,0,
CUST000465,0,
CUST002754,0,
CUST004388,0,
CUST000173,0,
CUST004032,0,
CUST004856,0,
CUST002541,0,
CUST004613,0,
CUST004327,0,
CUST002261,0,
CUST002113,1,2024-08-09
CUST000901,1,2025-01-01
CUST001447,0,
CUST003667,0,
CUST000742,0,
CUST002294,0,
CUST002453,0,
CUST002687,1,2024-06-21
CUST004138,0,
CUST001207,1,2024-05-19
CUST000510,0,
CUST004206,0,
CUST002888,0,
CUST004151,0,
CUST003401,0,
CUST001550,0,
CUST003354,0,
CUST002203,0,
CUST002567,0,
CUST003807,0,
CUST002045,0,
CUST000768,0,
CUST004933,0,
CUST003833,0,
CUST000422,1,2024-08-16
CUST000124,0,
CUST004214,1,2024-07-23
CUST002693,0,
CUST000820,0,
CUST001404,1,2024-08-15
CUST001383,0,
CUST002149,1,2025-01-09
CUST001576,1,2024-03-08
CUST001639,0,
CUST001796,0,
CUST004875,1,2024-05-15
CUST000400,0,
CUST002311,0,
CUST000883,0,
CUST001649,0,
CUST004096,0,
CUST001353,0,
CUST002811,0,
CUST004606,0,
CUST002131,1,2024-12-19
CUST000983,0,
CUST000457,0,
CUST003622,0,
CUST001080,1,2024-03-21
CUST001951,0,
CUST004369,0,
CUST000690,0,
CUST002430,0,
CUST000642,0,
CUST002393,0,
CUST001954,0,
CUST004658,0,
CUST002835,0,
CUST003524,0,
CUST002711,0,
CUST003425,1,2024-05-07
CUST004826,0,
CUST003007,0,
CUST001885,1,2025-01-18
CUST003553,0,
CUST000390,0,
CUST002495,0,
CUST003457,0,
CUST003967,0,
CUST000846,0,
CUST000543,0,
CUST000092,1,2024-03-03
CUST004810,0,
CUST001980,1,2024-06-26
CUST002883,0,
CUST004141,0,
CUST002978,0,
CUST002530,1,2024-08-13
CUST001677,0,
CUST001049,0,
CUST001961,0,
CUST002531,0,
CUST002852,0,
CUST000238,0,
CUST003045,0,
CUST003881,0,
CUST001134,0,
CUST001806,0,
CUST004195,1,2024-04-04
CUST000164,0,
CUST004965,0,
CUST004768,0,
CUST003432,0,
CUST003542,0,
CUST003286,0,
CUST003729,0,
CUST004038,0,
CUST001812,0,
CUST003194,0,
CUST004797,0,
CUST001429,0,
CUST003708,1,2024-06-20
CUST004818,0,
CUST003485,0,
CUST004516,0,
CUST004707,0,
CUST002891,0,
CUST001453,0,
CUST000594,0,
CUST002726,0,
CUST000042,1,2024-10-23
CUST000561,0,
CUST003012,0,
CUST003124,0,
CUST000244,0,
CUST001340,0,
CUST004663,0,
CUST003040,0,
CUST003894,0,
CUST001443,0,
CUST000262,0,
CUST004272,0,
CUST001690,0,
CUST001726,0,
CUST001204,1,2024-12-14
CUST000835,0,
CUST001867,0,
CUST002497,0,
CUST002011,1,2024-04-12
CUST000341,0,
CUST003921,1,2024-11-02
CUST001602,0,
CUST003289,0,
CUST004752,0,
CUST000481,0,
CUST002896,0,
CUST003626,0,
CUST003999,0,
CUST003483,0,
CUST004696,0,
CUST003129,0,
CUST004092,0,
CUST001767,0,
CUST004529,0,
CUST002454,0,
CUST002952,0,
CUST003911,0,
CUST004105,1,2024-07-05
CUST004735,0,
CUST003774,0,
CUST001272,0,
CUST003640,0,
CUST004557,0,
CUST004167,0,
CUST004194,0,
CUST000348,0,
CUST003979,0,
CUST004681,0,
CUST002563,0,
CUST004646,0,
CUST001424,0,
CUST000657,1,2024-07-17
CUST002103,1,2024-12-14
CUST000633,0,
CUST004608,1,2024-05-15
CUST002494,0,
CUST002666,0,
CUST004563,0,
CUST004196,0,
CUST003394,0,
CUST003180,0,
CUST003689,0,
CUST002501,0,
CUST001466,0,
CUST002918,0,
CUST000116,0,
CUST001822,0,
CUST001495,0,
CUST002402,0,
CUST001233,0,
CUST002662,1,2025-01-24
CUST002818,1,2024-06-15
CUST003407,1,2024-07-09
CUST004629,0,
CUST001154,1,2024-03-14
CUST003945,1,2024-11-25
CUST000058,0,
CUST003484,1,2024-04-14
CUST004343,0,
CUST001736,0,
CUST002824,0,
CUST002197,0,
CUST004371,0,
CUST002476,0,
CUST002565,0,
CUST003244,1,2024-03-12
CUST002609,0,
CUST003750,0,
CUST000708,1,2024-04-16
CUST004335,0,
CUST001094,0,
CUST003654,0,
CUST001377,0,
CUST004974,0,
CUST000073,1,2024-03-14
CUST001923,0,
CUST003259,1,2024-09-13
CUST001765,0,
CUST000744,0,
CUST002953,0,
CUST001006,0,
CUST002669,1,2024-10-07
CUST001191,0,
CUST003276,0,
CUST002602,0,
CUST001126,0,
CUST001242,0,
CUST002922,0,
CUST004182,0,
CUST004258,0,
CUST000999,0,
CUST004891,0,
CUST002685,1,2024-09-21
CUST001578,0,
CUST004850,0,
CUST001827,1,2024-03-24
CUST003379,0,
CUST000816,0,
CUST003627,0,
CUST000441,0,
CUST001101,0,
CUST002638,0,
CUST004543,0,
CUST000650,0,
CUST001547,0,
CUST004827,0,
CUST003652,0,
CUST003249,0,
CUST003272,0,
CUST003836,0,
CUST000631,1,2024-11-04
CUST000673,0,
CUST001250,0,
CUST000483,0,
CUST001585,0,
CUST003812,0,
CUST004685,0,
CUST004126,1,2024-08-08
CUST001463,0,
CUST004263,0,
CUST003716,0,
CUST002929,0,
CUST002579,0,
CUST003896,1,2024-09-22
CUST000050,0,
CUST004344,0,
CUST003140,1,2024-08-18
CUST000859,0,
CUST001073,1,2024-09-24
CUST000720,0,
CUST004941,1,2024-06-01
CUST002632,0,
CUST004934,0,
CUST001661,0,
CUST001657,0,
CUST002426,0,
CUST003615,1,2024-08-25
CUST004282,1,2024-12-10
CUST003506,0,
CUST004532,0,
CUST004254,0,
CUST004811,0,
CUST002935,0,
CUST004178,0,
CUST003495,0,
CUST002607,0,
CUST001386,1,2024-03-05
CUST003931,0,
CUST001400,1,2024-08-18
CUST001196,0,
CUST001409,0,
CUST003920,0,
CUST001799,0,
CUST001476,0,
CUST004923,0,
CUST000036,0,
CUST003633,1,2024-11-21
CUST002346,0,
CUST003263,0,
CUST002360,0,
CUST002207,0,
CUST003287,0,
CUST003862,0,
CUST001287,0,
CUST000350,1,2024-09-11
CUST002138,0,
CUST002692,0,
CUST003059,1,2024-06-08
CUST003210,0,
CUST001682,1,2024-10-10
CUST004109,0,
CUST001444,0,
CUST004649,0,
CUST001672,0,
CUST004408,0,
CUST001180,0,
CUST002799,0,
CUST001693,0,
CUST003972,0,
CUST000373,1,2024-05-11
CUST003705,0,
CUST001917,0,
CUST001358,1,2024-08-19
CUST001826,0,
CUST000787,0,
CUST000470,0,
CUST000141,1,2024-11-30
CUST000789,0,
CUST000324,0,
CUST000051,0,
CUST000715,0,
CUST004544,0,
CUST002841,0,
CUST002447,1,2024-07-15
CUST004873,1,2025-01-21
CUST004474,0,
CUST004652,0,
CUST003096,0,
CUST002667,1,2025-01-22
CUST000407,0,
CUST003448,0,
CUST001005,0,
CUST003086,0,
CUST000891,0,
CUST002412,0,
CUST002546,1,2024-07-24
CUST003525,0,
CUST002391,0,
CUST004039,0,
CUST000043,0,
CUST002831,0,
CUST003397,0,
CUST000304,0,
CUST004569,0,
CUST003842,0,
CUST000665,0,
CUST001178,0,
CUST002677,1,2025-01-22
CUST001948,0,
CUST002502,0,
CUST001474,0,
CUST003574,0,
CUST003611,0,
CUST001027,0,
CUST002990,1,2024-06-30
CUST000962,0,
CUST002890,1,2024-03-16
CUST003022,0,
CUST003016,0,
CUST004483,0,
CUST002150,0,
CUST003411,0,
CUST002339,0,
CUST003987,1,2024-05-18
CUST000305,1,2024-04-25
CUST001441,0,
CUST001497,0,
CUST002653,0,
CUST002876,0,
CUST000917,0,
CUST004234,0,
CUST003816,0,
CUST002773,0,
CUST001625,1,2024-07-17
CUST003933,0,
CUST000822,0,
CUST003387,0,
CUST001355,0,
CUST004553,0,
CUST000851,0,
CUST001001,0,
CUST003554,0,
CUST000019,1,2024-07-23
CUST001638,0,
CUST001668,0,
CUST000494,0,
CUST001348,0,
CUST003019,0,
CUST003822,0,
CUST003492,1,2024-04-19
CUST003709,0,
CUST003572,0,
CUST000688,1,2024-03-05
CUST003826,0,
CUST001609,0,
CUST004142,0,
CUST004267,0,
CUST001010,1,2024-06-07
CUST002409,0,
CUST001093,0,
CUST001328,1,2024-12-14
CUST001678,0,
CUST002000,0,
CUST001311,0,
CUST003136,1,2024-06-06
CUST003400,0,
CUST001988,0,
CUST003743,0,
CUST000345,0,
CUST004238,0,
CUST000987,0,
CUST003948,1,2024-03-17
CUST003902,0,
CUST004367,0,
CUST004100,0,
CUST003339,0,
CUST004832,0,
CUST001143,0,
CUST002359,0,
CUST001199,0,
CUST000086,0,
CUST001519,0,
CUST000517,0,
CUST001382,0,
CUST002717,0,
CUST003168,0,
CUST001015,0,
CUST000129,0,
CUST001365,0,
CUST003718,0,
CUST004077,1,2024-04-14
CUST003209,0,
CUST002794,0,
CUST004261,0,
CUST001360,0,
CUST000308,0,
CUST001662,0,
CUST002432,1,2024-11-04
CUST004033,0,
CUST001318,0,
CUST004358,0,
CUST002475,0,
CUST002543,0,
CUST001247,0,
CUST004909,0,
CUST001209,0,
CUST000217,0,
CUST004347,0,
CUST003146,0,
CUST001240,0,
CUST002290,0,
CUST002741,0,
CUST000276,0,
CUST000490,0,
CUST001036,0,
CUST001230,1,2024-08-02
CUST004641,0,
CUST001009,0,
CUST004765,0,
CUST003207,0,
CUST004619,0,
CUST002533,0,
CUST004221,0,
CUST001059,0,
CUST002167,0,
CUST004150,0,
CUST000282,0,
CUST003658,0,
CUST001317,1,2024-11-10
CUST000969,1,2024-08-07
CUST003211,1,2024-03-09
CUST004224,0,
CUST004662,0,
CUST003610,0,
CUST000620,0,
CUST003321,1,2024-07-06
CUST001743,0,
CUST001391,1,2024-05-05
CUST004127,0,
CUST001848,0,
CUST001580,0,
CUST001656,0,
CUST002353,0,
CUST002213,0,
CUST002021,0,
CUST001957,0,
CUST001308,1,2024-06-19
CUST002004,0,
CUST004511,0,
CUST000576,1,2024-04-17
CUST002361,1,2024-10-14
CUST004255,0,
CUST004579,0,
CUST001707,0,
CUST003837,0,
CUST003561,0,
CUST001281,0,
CUST000862,0,
CUST004197,0,
CUST001802,0,
CUST001629,0,
CUST001994,0,
CUST002640,0,
CUST000270,0,
CUST000630,0,
CUST003082,0,
CUST002335,0,
CUST002967,1,2024-12-05
CUST000301,1,2025-01-21
CUST000460,0,
CUST001448,0,
CUST001473,0,
CUST002047,0,
CUST004281,0,
CUST003859,0,
CUST002114,0,
CUST000028,0,
CUST003935,0,
CUST004578,0,
CUST000838,0,
CUST003922,0,
CUST003454,0,
CUST002009,1,2024-04-23
CUST004968,0,
CUST000504,0,
CUST003293,1,2024-07-26
CUST004359,0,
CUST000381,0,
CUST001852,0,
CUST001526,1,2024-11-30
CUST002366,0,
CUST003679,0,
CUST003053,0,
CUST002885,0,
CUST002341,0,
CUST000375,0,
CUST003347,0,
CUST002382,0,
CUST004437,0,
CUST000940,0,
CUST003947,0,
CUST004217,0,
CUST002800,1,2024-11-10
CUST002148,0,
CUST003913,1,2024-09-18
CUST004596,0,
CUST004533,0,
CUST002069,0,
CUST000530,0,
CUST003825,0,
CUST000637,0,
CUST001270,0,
CUST000186,0,
CUST004639,1,2024-11-09
CUST003265,0,
CUST003543,0,
CUST001798,0,
CUST002980,0,
CUST001442,0,
CUST003516,1,2024-10-07
CUST004935,0,
CUST001536,0,
CUST004305,0,
CUST003189,1,2024-09-22
CUST001274,0,
CUST002468,0,
CUST000608,1,2024-10-16
CUST003476,0,
CUST001713,0,
CUST002200,0,
CUST000956,0,
CUST002580,0,
CUST003996,0,
CUST004480,0,
CUST003766,0,
CUST003780,0,
CUST000404,0,
CUST002072,0,
CUST004815,0,
CUST001978,0,
CUST000159,0,
CUST001749,0,
CUST002910,0,
CUST003625,0,
CUST000903,1,2024-11-24
CUST000353,0,
CUST001231,0,
CUST004728,0,
CUST002141,0,
CUST000445,0,
CUST000755,0,
CUST001738,1,2024-02-29
CUST002972,1,2024-09-19
CUST002921,0,
CUST000312,0,
CUST000549,0,
CUST000662,1,2024-08-16
CUST004821,0,
CUST001990,0,
CUST002336,0,
CUST000695,0,
CUST002357,0,
CUST001928,0,
CUST000685,0,
CUST000750,0,
CUST004409,0,
CUST003619,0,
CUST001267,0,
CUST003372,0,
CUST003889,0,
CUST004478,0,
CUST004084,0,
CUST003084,0,
CUST003062,0,
CUST003026,0,
CUST000971,0,
CUST000014,0,
CUST000874,0,
CUST000809,0,
CUST003199,0,
CUST000515,1,2025-01-08
CUST004528,0,
CUST000410,0,
CUST003497,0,
CUST004397,0,
CUST000208,0,
CUST003310,1,2024-06-30
CUST000459,0,
CUST003653,1,2024-11-02
CUST002431,0,
CUST003752,0,
CUST000111,1,2024-06-30
CUST004955,0,
CUST001108,1,2024-06-10
CUST001884,0,
CUST001714,0,
CUST004747,1,2024-04-30
CUST004645,0,
CUST000553,0,
CUST001440,0,
CUST002271,1,2024-12-20
CUST003145,0,
CUST002822,0,
CUST004841,0,
CUST001926,0,
CUST000635,0,
CUST004865,0,
CUST000317,0,
CUST004270,0,
CUST004758,0,
CUST001329,0,
CUST000428,0,
CUST004079,0,
CUST000106,0,
CUST003042,0,
CUST000143,0,
CUST002170,0,
CUST003569,0,
CUST000090,1,2024-04-08
CUST002919,1,2024-07-11
CUST003238,1,2024-08-02
CUST002242,0,
CUST003175,0,
CUST003721,0,
CUST002164,0,
CUST002637,1,2024-12-08
CUST001950,0,
CUST001769,0,
CUST004851,0,
CUST002273,0,
CUST000002,0,
CUST004160,0,
CUST001952,0,
CUST000936,0,
CUST004351,0,
CUST002721,0,
CUST003577,0,
CUST001110,0,
CUST004061,1,2025-01-08
CUST000592,0,
CUST001696,0,
CUST003886,0,
CUST002937,0,
CUST004257,1,2024-10-17
CUST003500,0,
CUST001577,0,
CUST004054,0,
CUST000214,0,
CUST000779,0,
CUST001416,0,
CUST003854,0,
CUST002044,0,
CUST002849,0,
CUST004651,1,2024-07-19
CUST003596,0,
CUST003908,0,
CUST001568,0,
CUST000166,0,
CUST004773,0,
CUST003677,1,2024-06-05
CUST004987,0,
CUST001344,0,
CUST002014,0,
CUST000274,1,2024-08-02
CUST000072,0,
CUST003986,0,
CUST001088,0,
CUST000395,0,
CUST000584,0,
CUST001368,0,
CUST004700,0,
CUST002549,1,2024-11-17
CUST001014,0,
CUST004958,0,
CUST003004,0,
CUST004848,0,
CUST001702,1,2024-05-07
CUST003623,0,
CUST001764,1,2024-05-12
CUST001876,0,
CUST001260,0,
CUST003345,1,2024-11-05
CUST004586,1,2024-09-07
CUST002254,0,
CUST002782,0,
CUST003687,0,
CUST000527,0,
CUST003510,0,
CUST002947,0,
CUST000378,0,
CUST001560,0,
CUST003916,0,
CUST001964,1,2024-05-06
CUST004792,0,
CUST000349,0,
CUST002435,0,
CUST002247,0,
CUST004218,1,2024-09-26
CUST001710,1,2024-09-23
CUST001051,0,
CUST000591,1,2024-11-13
CUST000520,1,2024-05-05
CUST003381,0,
CUST004672,0,
CUST004175,0,
CUST002478,0,
CUST001084,0,
CUST003683,0,
CUST004838,0,
CUST004565,0,
CUST001295,0,
CUST001810,0,
CUST000792,0,
CUST000793,1,2024-04-26
CUST004166,0,
CUST001856,0,
CUST004817,0,
CUST001981,0,
CUST003234,0,
CUST004007,0,
CUST003474,0,
CUST003329,0,
CUST001531,0,
CUST001411,1,2024-06-05
CUST004349,0,
CUST004706,0,
CUST000084,0,
CUST000869,0,
CUST002351,0,
CUST000021,0,
CUST004506,0,
CUST002796,0,
CUST004628,0,
CUST001563,0,
CUST003094,1,2024-11-10
CUST003156,0,
CUST000974,0,
CUST001711,0,
CUST003202,1,2024-10-20
CUST004081,0,
CUST004879,0,
CUST001099,0,
CUST004213,0,
CUST002845,1,2024-06-24
CUST000887,1,2024-07-10
CUST004992,0,
CUST004636,1,2024-07-04
CUST003659,0,
CUST004456,0,
CUST000516,0,
CUST004678,0,
CUST000738,1,2024-11-18
CUST001454,0,
CUST004687,1,2024-12-23
CUST004759,0,
CUST002507,1,2024-03-10
CUST002995,0,
CUST002127,0,
CUST002927,1,2024-08-03
CUST004805,0,
CUST000907,1,2024-08-23
CUST003742,0,
CUST001031,0,
CUST002508,0,
CUST002429,0,
CUST000948,0,
CUST004384,0,
CUST000763,0,
CUST000716,0,
CUST000285,1,2025-01-16
CUST000687,0,
CUST000704,0,
CUST003342,1,2024-12-13
CUST002354,0,
CUST002258,0,
CUST003823,0,
CUST000474,0,
CUST000022,0,
CUST002753,0,
CUST000886,1,2024-10-18
CUST002449,0,
CUST000918,0,
CUST004600,1,2024-06-03
CUST003846,0,
CUST002240,0,
CUST003940,0,
CUST003396,0,
CUST001266,0,
CUST000484,0,
CUST004392,1,2024-11-17
CUST002964,0,
CUST001220,0,
CUST000278,0,
CUST000989,0,
CUST002085,0,
CUST001246,0,
CUST002383,0,
CUST000572,0,
CUST001436,0,
CUST000994,0,
CUST003541,0,
CUST003536,0,
CUST000586,0,
CUST003753,0,
CUST002515,0,
CUST001350,0,
CUST001008,0,
CUST000675,0,
CUST002413,0,
CUST002904,0,
CUST000448,0,
CUST003883,0,
CUST003853,0,
CUST004464,0,
CUST000360,0,
CUST002065,0,
CUST004505,0,
CUST003905,0,
CUST001691,1,2024-03-03
CUST004940,0,
CUST001549,0,
CUST001248,0,
CUST001986,0,
CUST000295,0,
CUST001548,0,
CUST002013,0,
CUST000589,0,
CUST003330,0,
CUST002404,1,2025-01-11
CUST002130,0,
CUST004443,0,
CUST003509,0,
CUST002411,0,
CUST002720,0,
CUST004610,0,
CUST000426,0,
CUST002583,0,
CUST001055,0,
CUST004066,0,
CUST004618,0,
CUST000557,0,
CUST004413,0,
CUST004037,0,
CUST004771,1,2024-10-07
CUST002470,1,2024-05-19
CUST004769,0,
CUST000356,0,
CUST001194,0,
CUST001717,1,2024-10-25
CUST003417,0,
CUST002605,1,2024-12-25
CUST004181,0,
CUST002829,0,
CUST001705,0,
CUST002864,1,2024-03-05
CUST002619,1,2024-11-08
CUST002401,1,2024-10-20
CUST002140,0,
CUST003240,0,
CUST002384,0,
CUST003219,1,2024-11-11
CUST003839,0,
CUST001286,0,
CUST003936,0,
CUST004524,1,2024-04-04
CUST002088,0,
CUST001890,0,
CUST004346,0,
CUST001592,0,
CUST001347,1,2024-11-01
CUST004486,0,
CUST002163,0,
CUST002397,0,
CUST003738,0,
CUST002272,0,
CUST004546,0,
CUST003112,0,
CUST001138,0,
CUST004983,1,2024-04-22
CUST000973,1,2024-10-13
CUST000796,0,
CUST003021,0,
CUST001712,1,2024-11-17
CUST003388,0,
CUST000037,1,2024-06-05
CUST000454,1,2024-04-21
CUST000914,0,
CUST004140,1,2024-07-05
CUST001200,0,
CUST001275,0,
CUST002376,0,
CUST000038,0,
CUST000975,0,
CUST003196,0,
CUST000984,1,2024-12-04
CUST004003,0,
CUST004601,0,
CUST001419,0,
CUST003333,0,
CUST001561,0,
CUST000040,0,
CUST001487,1,2024-12-11
CUST003981,1,2024-06-22
CUST000170,0,
CUST001356,1,2024-08-14
CUST002786,1,2024-10-05
CUST004402,0,
CUST004808,0,
CUST003613,0,
CUST000988,0,
CUST002683,0,
CUST004763,0,
CUST004113,0,
CUST001641,0,
CUST001291,0,
CUST001381,1,2024-10-08
CUST001934,0,
CUST000580,0,
CUST004273,0,
CUST003161,0,
CUST002031,0,
CUST000893,0,
CUST004089,0,
CUST000781,0,
CUST000160,1,2024-05-14
CUST000003,0,
CUST002264,0,
CUST003217,0,
CUST002110,0,
CUST000850,0,
CUST002738,0,
CUST002467,0,
CUST003791,0,
CUST004244,0,
CUST001597,0,
CUST001777,0,
CUST001914,0,
CUST001044,0,
CUST004772,0,
CUST001545,1,2024-04-16
CUST002737,1,2024-09-21
CUST003801,0,
CUST004675,0,
CUST000054,0,
CUST001797,0,
CUST003589,0,
CUST001912,0,
CUST002307,0,
CUST002554,0,
CUST002801,1,2024-11-11
CUST000937,1,2024-09-15
CUST004450,0,
CUST000825,0,
CUST004793,1,2024-03-07
CUST003179,0,
CUST003402,1,2024-05-26
CUST001390,0,
CUST003565,0,
CUST004937,0,
CUST000885,0,
CUST003900,0,
CUST003647,0,
CUST001608,0,
CUST001595,0,
CUST000772,0,
CUST002612,0,
CUST003951,0,
CUST002274,1,2024-11-14
CUST001869,0,
CUST001086,0,
CUST000011,1,2024-06-16
CUST003706,0,
CUST001326,0,
CUST003391,1,2025-01-26
CUST001464,0,
CUST000807,0,
CUST003830,0,
CUST004086,1,2024-12-31
CUST003866,0,
CUST002109,0,
CUST004289,0,
CUST002235,0,
CUST003212,0,
CUST000964,0,
CUST003416,0,
CUST004734,0,
CUST000399,0,
CUST002633,1,2024-07-04
CUST004911,0,
CUST002997,0,
CUST000705,0,
CUST000432,0,
CUST000293,0,
CUST004927,0,
CUST000146,1,2024-11-07
CUST004198,0,
CUST002034,0,
CUST004259,0,
CUST001166,1,2024-09-18
CUST003501,0,
CUST002051,0,
CUST002625,1,2024-07-14
CUST004433,0,
CUST000340,0,
CUST003977,0,
CUST004598,1,2024-06-05
CUST002974,1,2024-04-10
CUST000266,0,
CUST002425,0,
CUST001263,0,
CUST001772,0,
CUST003512,0,
CUST000272,0,
CUST000697,0,
CUST000748,0,
CUST000245,0,
CUST000318,0,
CUST000477,0,
CUST002033,0,
CUST000958,0,
CUST003912,0,
CUST000814,0,
CUST004223,1,2024-11-08
CUST001915,0,
CUST003488,0,
CUST001298,0,
CUST004117,0,
CUST001805,0,
CUST000759,0,
CUST000251,0,
CUST002462,0,
CUST000546,0,
CUST003242,0,
CUST000739,0,
CUST000311,0,
CUST004056,0,
CUST002942,0,
CUST001132,0,
CUST001450,0,
CUST004980,0,
CUST000016,0,
CUST003233,1,2024-10-20
CUST002770,1,2024-04-26
CUST003469,0,
CUST003030,0,
CUST001373,0,
CUST003588,1,2024-07-16
CUST002545,0,
CUST003599,0,
CUST000039,0,
CUST000364,0,
CUST004152,0,
CUST003034,0,
CUST002984,0,
CUST001195,0,
CUST002853,0,
CUST003861,0,
CUST001122,0,
CUST002236,0,
CUST002668,0,
CUST003794,0,
CUST003224,0,
CUST001183,0,
CUST004236,0,
CUST004348,0,
CUST000615,0,
CUST004969,0,
CUST001467,1,2024-05-15
CUST000402,1,2024-03-13
CUST003043,0,
CUST000935,0,
CUST002420,0,
CUST004806,0,
CUST004570,0,
CUST002642,0,
CUST004106,0,
CUST000727,1,2024-12-03
CUST000827,0,
CUST001522,0,
CUST004804,0,
CUST002931,0,
CUST000137,0,
CUST003591,0,
CUST000629,0,
CUST000335,0,
CUST000391,0,
CUST004442,0,
CUST004936,0,
CUST003928,0,
CUST001818,0,
CUST000401,0,
CUST000711,0,
CUST001040,0,
CUST004842,1,2024-12-09
CUST003360,0,
CUST000047,1,2025-01-02
CUST001562,1,2024-05-21
CUST004859,0,
CUST003643,0,
CUST003727,0,
CUST004903,0,
CUST001113,0,
CUST002514,0,
CUST003609,1,2024-04-16
CUST001224,0,
CUST004917,0,
CUST003024,0,
CUST002422,0,
CUST001509,1,2024-11-20
CUST001751,0,
CUST004897,0,
CUST004163,0,
CUST001800,0,
CUST000339,0,
CUST000216,0,
CUST003664,1,2024-07-02
CUST001342,1,2025-01-01
CUST000012,0,
CUST001521,0,
CUST003641,0,
CUST004036,0,
CUST003870,0,
CUST003005,0,
CUST002865,0,
CUST003116,0,
CUST004900,0,
CUST002323,0,
CUST002572,0,
CUST002914,0,
CUST000102,0,
CUST003550,0,
CUST001459,0,
CUST000172,0,
CUST000108,1,2024-10-09
CUST004249,0,
CUST003570,0,
CUST004350,0,
CUST000025,1,2024-10-03
CUST003958,0,
CUST000939,0,
CUST000061,0,
CUST001241,0,
CUST004695,0,
CUST001041,0,
CUST004239,0,
CUST002761,0,
CUST002121,1,2024-06-15
CUST001525,0,
CUST003522,1,2024-09-21
CUST000154,0,
CUST002249,0,
CUST000482,0,
CUST004523,1,2024-07-09
CUST004360,1,2024-08-13
CUST003579,0,
CUST004177,0,
CUST003563,1,2024-09-07
CUST003316,0,
CUST001763,0,
CUST003539,0,
CUST004863,0,
CUST000751,0,
CUST003620,1,2024-09-23
CUST001786,0,
CUST004325,0,
CUST003384,0,
CUST004190,0,
CUST000406,0,
CUST000758,1,2024-08-26
CUST002712,0,
CUST002671,0,
CUST004083,0,
CUST000098,0,
CUST001334,0,
CUST004507,0,
CUST002792,0,
CUST002855,0,
CUST000187,0,
CUST001137,0,
CUST002724,0,
CUST003584,0,
CUST002059,0,
CUST001320,0,
CUST004251,0,
CUST000149,1,2024-08-16
CUST000029,0,
CUST004944,0,
CUST001395,0,
CUST003364,1,2024-11-11
CUST000693,0,
CUST002867,0,
CUST003777,0,
CUST001387,0,
CUST001846,0,
CUST004790,1,2024-10-06
CUST000130,0,
CUST001600,1,2024-07-06
CUST003630,0,
CUST004559,0,
CUST000702,1,2024-08-13
CUST004082,0,
CUST003029,0,
CUST002970,1,2024-06-15
CUST004411,0,
CUST001709,0,
CUST002954,0,
CUST000455,0,
CUST002869,0,
CUST002041,1,2024-09-22
CUST001773,0,
CUST002316,1,2025-01-04
CUST000610,0,
CUST000168,1,2024-04-14
CUST000731,0,
CUST004303,0,
CUST003359,0,
CUST003897,0,
CUST002075,0,
CUST004131,0,
CUST003701,0,
CUST001623,0,
CUST000588,0,
CUST001402,0,
CUST003046,0,
CUST003225,0,
CUST001701,1,2024-04-07
CUST003089,1,2024-11-07
CUST004445,1,2025-01-19
CUST002982,0,
CUST001380,0,
CUST002090,1,2024-04-06
CUST003925,0,
CUST002176,0,
CUST003218,0,
CUST002886,0,
CUST000075,0,
CUST004336,0,
CUST003989,0,
CUST002658,0,
CUST003181,0,
CUST002077,0,
CUST000442,0,
CUST004128,1,2024-04-04
CUST002052,0,
CUST002542,0,
CUST003307,0,
CUST001302,0,
CUST001782,0,
CUST004874,0,
CUST003431,0,
CUST001305,0,
CUST000237,1,2024-12-06
CUST002600,1,2024-04-23
CUST000521,1,2024-06-06
CUST002574,0,
CUST003281,0,
CUST003187,0,
CUST003954,0,
CUST002769,0,
CUST000736,1,2024-06-30
CUST004762,0,
CUST002107,0,
CUST002680,0,
CUST003230,0,
CUST002762,0,
CUST000593,0,
CUST001304,0,
CUST001388,1,2024-11-17
CUST004753,0,
CUST004582,0,
CUST004677,0,
CUST001891,1,2024-02-29
CUST002988,0,
CUST004985,0,
CUST003298,0,
CUST000905,0,
CUST004666,0,
CUST001280,0,
CUST000934,0,
CUST004960,0,
CUST002309,0,
CUST001556,1,2024-03-10
CUST004589,1,2024-05-21
CUST003191,0,
CUST004807,0,
CUST000707,0,
CUST004748,1,2024-07-08
CUST003071,0,
CUST000746,0,
CUST003595,0,
CUST001940,0,
CUST004455,0,
CUST002863,0,
CUST001921,0,
CUST000514,0,
CUST000082,0,
CUST001309,1,2024-05-23
CUST004604,0,
CUST000915,0,
CUST003453,0,
CUST003696,0,
CUST004864,1,2024-04-06
CUST003157,0,
CUST002199,0,
CUST004285,1,2024-02-29
CUST000775,0,
CUST000330,0,
CUST002055,0,
CUST002002,0,
CUST000944,0,
CUST000823,0,
CUST004583,0,
CUST000910,0,
CUST002517,0,
CUST000182,0,
CUST000165,1,2024-09-11
CUST001524,0,
CUST000452,0,
CUST003984,1,2024-10-20
CUST002539,0,
CUST004386,0,
CUST004835,0,
CUST001312,0,
CUST003150,0,
CUST001112,1,2024-12-05
CUST004603,1,2024-11-12
CUST003875,0,
CUST003490,0,
CUST001288,0,
CUST004229,0,
CUST004703,0,
CUST003681,0,
CUST004385,0,
CUST004220,0,
CUST003301,1,2024-09-30
CUST003311,0,
CUST004655,0,
CUST003126,1,2024-03-17
CUST000328,1,2024-04-13
CUST002491,0,
CUST002007,0,
CUST002008,0,
CUST001859,0,
CUST004743,0,
CUST000313,0,
CUST000833,0,
CUST003080,0,
CUST004776,0,
CUST003463,0,
CUST001202,0,
CUST004446,0,
CUST003548,0,
CUST004095,0,
CUST002135,1,2024-10-16
CUST004065,0,
CUST003452,0,
CUST002210,1,2024-03-13
CUST001902,0,
CUST004051,0,
CUST001482,1,2024-06-13
CUST000778,0,
CUST000800,1,2024-07-10
CUST003715,0,
CUST003943,0,
CUST000055,0,
CUST002973,0,
CUST003336,0,
CUST000947,0,
CUST003294,0,
CUST002162,1,2024-07-07
CUST003058,1,2024-06-02
CUST000769,0,
CUST004761,1,2025-01-14
CUST003496,0,
CUST000286,0,
CUST004999,0,
CUST004504,1,2024-08-26
CUST002333,0,
CUST002718,0,
CUST002080,0,
CUST003390,0,
CUST000723,0,
CUST000952,0,
CUST004421,1,2025-01-07
CUST002263,0,
CUST000990,1,2024-12-13
CUST003213,1,2025-01-22
CUST001760,1,2024-11-06
CUST001725,0,
CUST000342,0,
CUST003702,0,
CUST000689,0,
CUST003433,0,
CUST000967,0,
CUST004786,0,
CUST002204,0,
CUST002714,0,
CUST003573,0,
CUST001991,0,
CUST004121,0,
CUST004153,0,
CUST004802,0,
CUST003601,0,
CUST004623,0,
CUST004643,0,
CUST004512,0,
CUST000386,0,
CUST004425,0,
CUST004625,0,
CUST000537,0,
CUST004723,0,
CUST003508,0,
CUST000202,0,
CUST001333,0,
CUST003503,0,
CUST002709,0,
CUST004022,0,
CUST001855,0,
CUST004525,0,
CUST002873,0,
CUST003031,0,
CUST001206,0,
CUST001646,1,2024-08-22
CUST003418,0,
CUST003477,0,
CUST002862,0,
CUST001793,1,2024-08-07
CUST003798,1,2024-04-13
CUST003369,0,
CUST003368,0,
CUST003534,0,
CUST004448,0,
CUST003450,0,
CUST000604,1,2024-06-17
CUST003057,0,
CUST004415,0,
CUST000127,0,
CUST003877,0,
CUST002936,0,
CUST003532,0,
CUST002731,1,2024-12-05
CUST000828,1,2024-03-13
CUST001640,1,2024-07-24
CUST000985,0,
CUST003282,0,
CUST003864,0,
CUST002189,0,
CUST004670,0,
CUST002444,0,
CUST000363,0,
CUST002350,0,
CUST000346,0,
CUST000815,0,
CUST003206,0,
CUST004212,0,
CUST004855,0,
CUST003326,0,
CUST004107,0,
CUST002117,0,
CUST001835,0,
CUST000794,1,2024-03-11
CUST002675,0,
CUST000095,0,
CUST003757,0,
CUST002892,0,
CUST002372,1,2024-06-09
CUST004201,0,
CUST004487,0,
CUST003229,0,
CUST002854,0,
CUST002913,0,
CUST001866,1,2024-09-02
CUST001858,0,
CUST002646,0,
CUST002244,0,
CUST002337,0,
CUST000951,1,2024-11-10
CUST003069,1,2024-11-17
CUST001121,0,
CUST002598,0,
CUST002205,0,
CUST000420,0,
CUST000923,0,
CUST001255,1,2024-09-07
CUST000478,0,
CUST002036,0,
CUST001203,0,
CUST002627,0,
CUST004878,0,
CUST001971,0,
CUST003111,0,
CUST004019,0,
CUST002152,0,
CUST003688,0,
CUST001998,0,
CUST004034,1,2025-01-24
CUST003055,0,
CUST001249,0,
CUST002193,0,
CUST002713,0,
CUST000993,1,2024-03-19
CUST002191,0,
CUST003763,0,
CUST003598,0,
CUST001319,1,2024-05-21
CUST001864,1,2024-06-17
CUST002344,1,2024-12-02
CUST002450,1,2024-05-02
CUST002137,0,
CUST001066,0,
CUST004228,1,2024-05-22
CUST002622,0,
CUST000078,0,
CUST002899,0,
CUST001315,0,
CUST000873,0,
CUST003851,0,
CUST004847,0,
CUST002966,1,2024-05-04
CUST003392,0,
CUST002561,0,
CUST004957,0,
CUST002636,0,
CUST003531,1,2024-08-05
CUST000376,0,
CUST001909,0,
CUST004387,0,
CUST004820,0,
CUST004028,0,
CUST001605,0,
CUST001119,0,
CUST003678,0,
CUST003491,0,
CUST004924,1,2024-08-10
CUST002959,0,
CUST001995,1,2024-12-01
CUST004410,0,
CUST002377,0,
CUST001343,0,
CUST000321,0,
CUST001620,0,
CUST003714,0,
CUST002061,0,
CUST002220,0,
CUST001674,0,
CUST000261,0,
CUST004472,0,
CUST002040,0,
CUST000902,0,
CUST003745,0,
CUST002027,0,
CUST004235,0,
CUST001918,0,
CUST001829,0,
CUST001574,0,
CUST004449,1,2024-07-02
CUST004209,0,
CUST000225,1,2024-08-24
CUST000724,0,
CUST004541,0,
CUST001142,0,
CUST002763,0,
CUST000847,0,
CUST004290,1,2024-05-19
CUST002552,1,2024-05-01
CUST000118,0,
CUST000646,0,
CUST000004,0,
CUST004171,1,2025-01-02
CUST000468,1,2024-10-26
CUST000006,0,
CUST000920,0,
CUST002596,1,2024-07-01
CUST001064,0,
CUST002591,1,2024-07-11
CUST000243,0,
CUST001161,0,
CUST002871,1,2024-02-29
CUST003736,0,
CUST002398,0,
CUST003518,0,
CUST003422,0,
CUST002564,0,
CUST001606,0,
CUST004984,0,
CUST002325,1,2024-09-10
CUST002710,0,
CUST004665,0,
CUST001313,0,
CUST003449,1,2024-09-05
CUST003813,0,
CUST004713,1,2025-01-12
CUST002363,0,
CUST001976,0,
CUST003515,0,
CUST001762,0,
CUST002740,0,
CUST004717,1,2025-01-05
CUST002473,0,
CUST004008,0,
CUST001494,0,
CUST004207,0,
CUST002159,0,
CUST001170,0,
CUST004572,0,
CUST000233,0,
CUST000067,0,
CUST001604,0,
CUST003284,0,
CUST003597,0,
CUST000126,0,
CUST001297,0,
CUST001977,1,2024-11-22
CUST004573,1,2024-05-18
CUST004537,0,
CUST002076,0,
CUST003087,1,2024-03-11
CUST004400,0,
CUST003346,0,
CUST004520,1,2024-10-16
CUST002798,0,
CUST000919,0,
CUST001647,0,
CUST000365,1,2025-01-23
CUST003288,0,
CUST002126,0,
CUST004124,0,
CUST000526,1,2024-04-10
CUST000056,0,
CUST000639,1,2024-07-15
CUST000303,0,
CUST002767,0,
CUST001277,1,2024-05-12
CUST002056,0,
CUST003645,0,
CUST004144,0,
CUST002879,0,
CUST004203,0,
CUST002287,0,
CUST002262,1,2024-09-02
CUST002297,0,
CUST001754,0,
CUST001969,0,
CUST004406,0,
CUST003118,1,2024-10-01
CUST002394,0,
CUST000524,0,
CUST003901,0,
CUST003123,0,
CUST004157,0,
CUST001970,1,2024-08-18
CUST000672,0,
CUST004189,0,
CUST000667,0,
CUST004393,0,
CUST001888,0,
CUST003267,0,
CUST000281,0,
CUST001720,0,
CUST002948,1,2024-12-14
CUST000900,0,
CUST004910,0,
CUST000761,0,
CUST001907,0,
CUST004043,1,2024-11-04
CUST003824,1,2024-05-01
CUST004139,0,
CUST003819,0,
CUST004301,0,
CUST002594,0,
CUST004165,0,
CUST003032,0,
CUST003580,0,
CUST002833,0,
CUST003473,0,
CUST000138,0,
CUST002181,0,
CUST002129,0,
CUST003178,0,
CUST004422,0,
CUST004262,0,
CUST004345,0,
CUST001332,0,
CUST002018,1,2024-04-12
CUST002483,0,
CUST001359,1,2024-06-01
CUST001330,0,
CUST002151,0,
CUST002123,1,2024-03-21
CUST003982,1,2024-09-13
CUST001253,1,2024-05-24
CUST003279,1,2024-12-08
CUST003375,0,
CUST002815,0,
CUST001849,0,
CUST003038,0,
CUST000389,1,2024-08-13
CUST000236,0,
CUST001078,0,
CUST001985,0,
CUST004364,0,
CUST003963,0,
CUST000771,0,
CUST002166,0,
CUST000674,1,2024-09-05
CUST000250,0,
CUST001575,0,
CUST003420,0,
CUST002082,0,
CUST001824,1,2024-04-23
CUST000717,0,
CUST004726,0,
CUST002049,0,
CUST004179,1,2024-04-11
CUST002725,0,
CUST004577,1,2024-05-22
CUST001461,0,
CUST001669,0,
CUST002757,1,2024-04-07
CUST002001,0,
CUST000405,0,
CUST000385,0,
CUST004548,0,
CUST002153,0,
CUST001634,0,
CUST004642,0,
CUST003926,0,
CUST004159,0,
CUST000224,0,
CUST002194,0,
CUST003137,0,
CUST001825,0,
CUST004657,0,
CUST000798,1,2024-12-14
CUST002872,0,
CUST000010,1,2024-08-10
CUST001945,0,
CUST001839,0,
CUST000256,0,
CUST004564,0,
CUST001582,0,
CUST002957,0,
CUST000925,1,2024-11-02
CUST004484,1,2024-09-02
CUST002509,0,
CUST003776,0,
CUST004137,1,2024-06-09
CUST002780,0,
CUST000540,0,
CUST002746,0,
CUST004554,0,
CUST004627,0,
CUST001146,0,
CUST004469,0,
CUST000668,0,
CUST003020,0,
CUST000358,0,
CUST002832,0,
CUST002784,0,
CUST001354,0,
CUST000471,0,
CUST002704,0,
CUST003331,0,
CUST003638,0,
CUST001397,0,
CUST003585,1,2025-01-04
CUST004542,0,
CUST003377,0,
CUST001257,1,2024-10-22
CUST003513,0,
CUST001251,0,
CUST004867,0,
CUST004299,0,
CUST003285,0,
CUST002934,0,
CUST004176,0,
CUST001853,0,
CUST004929,0,
CUST002106,0,
CUST000134,0,
CUST000929,0,
CUST000824,0,
CUST004963,0,
CUST001532,0,
CUST001215,1,2024-12-16
CUST000505,0,
CUST004286,0,
CUST001997,0,
CUST003073,1,2025-01-22
CUST001959,0,
CUST001385,1,2024-06-20
CUST000895,0,
CUST000456,0,
CUST004694,0,
CUST003710,0,
CUST004676,0,
CUST004269,0,
CUST003523,0,
CUST004135,0,
CUST003603,1,2024-08-20
CUST000714,0,
CUST004187,0,
CUST002215,1,2025-01-10
CUST002924,0,
CUST001811,0,
CUST003487,0,
CUST003142,0,
CUST001828,1,2024-09-25
CUST001156,0,
CUST001325,0,
CUST004313,0,
CUST000511,0,
CUST001681,0,
CUST000500,1,2024-08-09
CUST004592,0,
CUST001857,0,
CUST001389,0,
CUST003720,0,
CUST002387,0,
CUST003237,1,2024-12-02
CUST001541,0,
CUST001218,1,2024-05-03
CUST002682,0,
CUST002994,0,
CUST001192,0,
CUST001543,0,
CUST003302,0,
CUST003325,0,
CUST002540,0,
CUST000954,0,
CUST004331,0,
CUST000733,0,
CUST001157,0,
CUST003295,1,2024-07-04
CUST002983,0,
CUST002157,1,2024-07-03
CUST001063,0,
CUST002617,0,
CUST001168,0,
CUST003223,0,
CUST003637,1,2024-10-09
CUST002939,0,
CUST004492,1,2024-11-19
CUST003141,0,
CUST000144,0,
CUST003578,0,
CUST002783,0,
CUST000718,0,
CUST001820,0,
CUST002503,0,
CUST004361,0,
CUST004172,0,
CUST000396,0,
CUST004896,0,
CUST004493,1,2024-05-20
CUST001366,0,
CUST004614,0,
CUST000596,0,
CUST003953,0,
CUST002915,0,
CUST002327,0,
CUST003767,1,2025-01-03
CUST003441,1,2024-12-11
CUST004133,0,
CUST004668,0,
CUST002144,1,2024-07-11
CUST001572,1,2024-08-20
CUST004080,0,
CUST001123,0,
CUST002787,1,2024-10-12
CUST002968,0,
CUST002505,0,
CUST003466,1,2024-11-12
CUST000676,1,2024-04-17
CUST002809,0,
CUST003349,0,
CUST000729,0,
CUST000413,0,
CUST003147,0,
CUST001517,1,2024-05-16
CUST000826,0,
CUST003268,1,2024-11-02
CUST003975,0,
CUST000617,0,
CUST000115,0,
CUST000418,0,
CUST003070,0,
CUST001626,0,
CUST004186,0,
CUST002897,0,
CUST004729,0,
CUST002083,1,2024-03-31
CUST000754,0,
CUST002547,0,
CUST003970,0,
CUST003374,1,2024-03-26
CUST004108,0,
CUST002445,0,
CUST004381,1,2025-01-08
CUST001067,0,
CUST003914,0,
CUST003499,0,
CUST002739,0,
CUST004001,0,
CUST001569,0,
CUST002428,0,
CUST003747,1,2024-04-05
CUST004697,0,
CUST001688,0,
CUST000852,0,
CUST003547,0,
CUST000896,0,
CUST004593,1,2024-08-22
CUST000336,0,
CUST002840,1,2024-06-24
CUST003088,0,
CUST004612,0,
CUST001349,0,
CUST001016,0,
CUST002817,0,
CUST001632,0,
CUST002490,0,
CUST003731,0,
CUST003252,0,
CUST004692,0,
CUST002071,0,
CUST004453,0,
CUST004943,0,
CUST001636,0,
CUST004647,0,
CUST002480,0,
CUST002266,0,
CUST002960,1,2025-01-15
CUST004791,0,
CUST003060,0,
CUST002142,0,
CUST003119,0,
CUST004784,1,2024-05-31
CUST004046,0,
CUST003357,0,
CUST002745,1,2024-03-06
CUST003507,1,2024-06-17
CUST001680,1,2024-03-13
CUST004250,0,
CUST003148,0,
CUST002295,0,
CUST000581,0,
CUST001471,0,
CUST004071,0,
CUST003344,0,
CUST004584,0,
CUST003673,1,2024-06-02
CUST000560,0,
CUST002850,0,
CUST000513,0,
CUST001082,0,
CUST001665,1,2025-01-25
CUST001013,0,
CUST001932,0,
CUST001151,0,
CUST002839,0,
CUST000117,0,
CUST000741,0,
CUST004866,0,
CUST003676,0,
CUST000120,0,
CUST004839,0,
CUST004798,0,
CUST000636,0,
CUST004466,0,
CUST004365,0,
CUST004143,0,
CUST000992,0,
CUST000877,0,
CUST000005,0,
CUST003125,0,
CUST002661,0,
CUST002492,0,
CUST003855,0,
CUST001716,1,2025-01-08
CUST001149,0,
CUST003262,0,
CUST000575,0,
CUST003770,0,
CUST003737,0,
CUST004147,0,
CUST000854,1,2024-06-11
CUST001983,0,
CUST002775,0,
CUST001167,1,2024-04-06
CUST000972,0,
CUST002702,0,
CUST004496,0,
CUST003848,0,
CUST002369,0,
CUST004116,0,
CUST004132,0,
CUST002951,0,
CUST000525,1,2024-05-01
CUST002456,0,
CUST001842,0,
CUST000538,0,
CUST002807,0,
CUST004342,0,
CUST003176,0,
CUST000785,0,
CUST004058,0,
CUST001410,1,2024-09-17
CUST002538,0,
CUST000155,0,
CUST003010,1,2024-08-12
CUST001687,0,
CUST002902,0,
CUST004722,1,2024-08-04
CUST002734,0,
CUST001896,0,
CUST000570,1,2024-12-26
CUST001817,0,
CUST002066,0,
CUST000128,0,
CUST003395,0,
CUST003328,0,
CUST001999,0,
CUST002976,1,2024-04-22
CUST000981,0,
CUST002301,0,
CUST000191,0,
CUST001140,0,
CUST000700,1,2024-06-12
CUST004840,0,
CUST000607,0,
CUST004277,0,
CUST000302,0,
CUST003421,0,
CUST004880,0,
CUST001061,0,
CUST002566,1,2024-11-20
CUST001070,0,
CUST002525,0,
CUST002206,0,
CUST001244,0,
CUST000017,0,
CUST003121,1,2024-04-24
CUST004755,0,
CUST003068,0,
CUST000960,0,
CUST000226,0,
CUST003355,0,
CUST002486,1,2024-11-17
CUST000563,0,
CUST003437,0,
CUST001694,0,
CUST001046,1,2024-05-20
CUST003447,0,
CUST004566,0,
CUST000955,0,
CUST002736,0,
CUST004964,0,
CUST004736,0,
CUST004883,1,2024-05-13
CUST001219,1,2024-07-24
CUST001528,0,
CUST003988,0,
CUST001301,0,
CUST004952,0,
CUST000161,0,
CUST004068,0,
CUST000957,0,
CUST003792,1,2024-08-07
CUST003235,0,
CUST002870,0,
CUST003778,1,2024-05-25
CUST004434,1,2024-07-12
CUST002962,0,
CUST002201,0,
CUST000099,0,
CUST002558,0,
CUST003184,0,
CUST000254,1,2024-04-06
CUST003924,1,2024-03-22
CUST004200,1,2024-09-19
CUST001446,0,
CUST004683,0,
CUST004724,0,
CUST003992,0,
CUST001697,0,
CUST003192,0,
CUST004500,0,
CUST001155,0,
CUST002256,0,
CUST001683,1,2024-05-24
CUST003171,0,
CUST002057,0,
CUST004091,0,
CUST003109,0,
CUST004549,1,2024-04-24
CUST003724,0,
CUST002050,0,
CUST003644,0,
CUST004988,0,
CUST000624,0,
CUST000263,0,
CUST003370,1,2024-07-06
CUST004062,0,
CUST001803,0,
CUST004737,0,
CUST002386,1,2024-05-25
CUST001960,0,
CUST002977,0,
CUST000489,0,
CUST001844,0,
CUST001735,0,
CUST002912,0,
CUST003220,0,
CUST000147,0,
CUST001987,0,
CUST001370,0,
CUST002812,1,2025-01-12
CUST000660,0,
CUST001795,0,
CUST002512,0,
CUST003398,0,
CUST004283,0,
CUST001148,0,
CUST003273,0,
CUST000609,0,
CUST003583,0,
CUST001931,1,2024-09-11
CUST000198,0,
CUST002932,0,
CUST002328,0,
CUST004390,0,
CUST000767,0,
CUST004497,0,
CUST004219,0,
CUST003256,1,2024-03-10
CUST003511,0,
CUST001734,0,
CUST002778,0,
CUST001708,0,
CUST003475,0,
CUST000855,1,2024-05-31
CUST004738,1,2024-04-26
CUST004098,1,2024-11-19
CUST002161,0,
CUST000699,0,
CUST003000,0,
CUST003697,0,
CUST001637,1,2024-04-21
CUST003458,1,2025-01-14
CUST003582,0,
CUST001292,0,
CUST004660,0,
CUST001854,0,
CUST003764,0,
CUST003305,0,
CUST004973,0,
CUST003744,0,
CUST003446,0,
CUST000664,0,
CUST004780,1,2024-10-22
CUST003749,1,2024-03-18
CUST004414,0,
CUST004745,1,2024-10-09
CUST000710,0,
CUST001283,0,
CUST002676,0,
CUST004030,0,
CUST001307,0,
CUST002238,0,
CUST003303,0,
CUST002039,0,
CUST001530,0,
CUST001664,0,
CUST004995,1,2024-09-15
CUST003628,1,2025-01-23
CUST004892,1,2024-07-04
CUST002694,0,
CUST003061,0,
CUST001598,0,
CUST002730,1,2024-10-20
CUST002626,0,
CUST003158,0,
CUST003315,1,2024-07-25
CUST001723,0,
CUST001060,0,
CUST004637,0,
CUST003243,0,
CUST001679,0,
CUST001758,0,
CUST004192,0,
CUST000564,0,
CUST002791,0,
CUST000864,0,
CUST001485,0,
CUST000207,0,
CUST004489,0,
CUST000871,0,
CUST004494,1,2024-09-16
CUST000503,1,2024-10-04
CUST001029,0,
CUST003841,0,
CUST002691,0,
CUST001571,1,2024-09-07
CUST002774,1,2024-04-14
CUST002732,0,
CUST000805,0,
CUST003646,0,
CUST002455,0,
CUST004599,1,2024-08-15
CUST003105,0,
CUST004876,0,
CUST000201,0,
CUST003100,0,
CUST002279,0,
CUST003562,0,
CUST004475,0,
CUST004515,0,
CUST000392,0,
CUST001496,0,
CUST002696,0,
CUST002028,0,
CUST002569,0,
CUST000065,0,
CUST003885,1,2024-08-09
CUST002063,0,
CUST000493,1,2024-10-16
CUST000380,0,
CUST004860,0,
CUST003994,0,
CUST004888,0,
CUST001077,0,
CUST000879,0,
CUST000338,0,
CUST001017,0,
CUST001276,0,
CUST003799,0,
CUST004552,0,
CUST003343,0,
CUST004912,0,
CUST000996,0,
CUST001982,0,
CUST004298,0,
CUST000162,0,
CUST004799,0,
CUST001501,0,
CUST003844,0,
CUST002614,0,
CUST003462,0,
CUST001022,0,
CUST003074,0,
CUST003944,1,2024-04-04
CUST001586,0,
CUST001956,0,
CUST003153,0,
CUST000035,0,
CUST004015,0,
CUST000776,1,2024-05-26
CUST002557,0,
CUST001479,0,
CUST001364,0,
CUST002613,0,
CUST002825,1,2024-03-26
CUST002042,0,
CUST000242,0,
CUST002062,0,
CUST002364,1,2024-07-03
CUST000601,0,
CUST002436,0,
CUST002889,0,
CUST000647,0,
CUST003891,0,
CUST003557,0,
CUST003203,0,
CUST001529,0,
CUST001268,0,
CUST001900,0,
CUST004659,1,2024-09-14
CUST003006,0,
CUST002735,0,
CUST000190,1,2024-08-11
CUST001807,1,2024-05-25
CUST000976,0,
CUST002748,0,
CUST002048,0,
CUST002559,0,
CUST001083,0,
CUST000475,0,
CUST002905,0,
CUST004844,0,
CUST004118,0,
CUST003386,0,
CUST004556,0,
CUST001185,0,
CUST002434,0,
CUST002392,0,
CUST000770,1,2024-11-02
CUST001686,0,
CUST000131,0,
CUST002920,0,
CUST003172,1,2024-12-07
CUST003445,1,2024-11-05
CUST004427,1,2024-03-19
CUST000467,0,
CUST003093,0,
CUST003773,0,
CUST000861,0,
